"","mergedColors"
"IGHM","turquoise"
"IGKV1-17 ","turquoise"
"IGH ","turquoise"
"MMP1","turquoise"
"IGKV1OR2-108 ","turquoise"
"IGKV1-37 ","turquoise"
"HLA-DRB4","turquoise"
"IGJ","turquoise"
"IGKC","turquoise"
"IGLC1","turquoise"
"IGHG1 ","turquoise"
"SLAMF8","turquoise"
"abParts ","turquoise"
"IGKC ","turquoise"
"CYAT1 ","turquoise"
"IGLC1 ","turquoise"
"CXCL9","turquoise"
"AC128677.4 ","turquoise"
"FOSB","greenyellow"
"IGLV1-44","turquoise"
"XIST","greenyellow"
"FOS","greenyellow"
"APOD","pink"
"CXCL1","blue"
"CKAP2 ","turquoise"
"FABP4","pink"
"LRRC15","magenta"
"HBA1 ","turquoise"
"CCL18","turquoise"
"HBB","turquoise"
"C7","turquoise"
"MAFF","turquoise"
"TRBC1","turquoise"
"CXCL2","greenyellow"
"NCF1 ","turquoise"
"ZBTB16","pink"
"ERAP2","turquoise"
"MFAP5","turquoise"
"TNFAIP6","blue"
"CXCL8","greenyellow"
"IGHD","turquoise"
"IGLL5","turquoise"
"HLA-DQA1 ","turquoise"
"IGK ","turquoise"
"S100A9","blue"
"CXCL10","turquoise"
"GABBR1 ","turquoise"
"GUSBP11","turquoise"
"IGLL3P","turquoise"
"GPR64","turquoise"
"ATF3","greenyellow"
"SPP1","turquoise"
"LOC101928620 ","turquoise"
"MAB21L2","turquoise"
"MMP9","turquoise"
"CRLF1","turquoise"
"NFIL3","greenyellow"
"SEL1L3","turquoise"
"CCL13","turquoise"
"HLA-DQA1","pink"
"FCGR1B","turquoise"
"FCGR3A ","turquoise"
"RBP4","pink"
"SDC1","turquoise"
"CCL5","turquoise"
"CXCL14","grey"
"COL1A1","magenta"
"NDP","blue"
"IL7R","turquoise"
"CCL19","turquoise"
"CSN1S1","black"
"APOLD1","turquoise"
"ADAMDEC1","turquoise"
"LBP","grey"
"SFRP4","magenta"
"PTGIS","turquoise"
"CDO1","pink"
"ABCA8","pink"
"LYVE1","turquoise"
"IL32","turquoise"
"GBP1","turquoise"
"NOVA1","pink"
"MMP3","turquoise"
"DKK3","green"
"HBEGF","turquoise"
"CYR61","turquoise"
"MAOA","pink"
"NCF1","turquoise"
"PDK4","pink"
"ITGBL1","turquoise"
"KLF9","turquoise"
"PCOLCE2","turquoise"
"PPL","blue"
"AGTR1","pink"
"PLXNC1","pink"
"MIR612 ","black"
"FCGR1A ","turquoise"
"GCH1","turquoise"
"NAMPT","red"
"SLC19A2","turquoise"
"BCL2A1","blue"
"IL6","brown"
"CXCL13","turquoise"
"ADIPOQ","pink"
"CHI3L2","turquoise"
"IL2RG","turquoise"
"EGR1","greenyellow"
"PTGDS","green"
"COMP","turquoise"
"RPS4Y1","greenyellow"
"HAS1","greenyellow"
"OGN","magenta"
"BTN3A2","brown"
"CD52","turquoise"
"CHI3L1","grey"
"IGLJ3 ","turquoise"
"FLRT2 ","magenta"
"C6","pink"
"AIM2","turquoise"
"SERPINA1","blue"
"IGFBP6","turquoise"
"BLNK","turquoise"
"PTPRC","turquoise"
"NREP","magenta"
"NLGN4X","turquoise"
"RUFY2","black"
"RAC2","turquoise"
"IGLJ3","turquoise"
"GZMK","turquoise"
"CD48","turquoise"
"CYTIP","turquoise"
"LPL","pink"
"PTX3","turquoise"
"ADM","turquoise"
"AHNAK2","blue"
"CILP","blue"
"CORO1A","turquoise"
"CXCL3","greenyellow"
"CCL8","turquoise"
"LOX","magenta"
"FCN1","blue"
"SFRP1","turquoise"
"IGF2 ","blue"
"ALOX5","turquoise"
"CD36","pink"
"ACSL1","yellow"
"COL5A1","magenta"
"MYC","greenyellow"
"FPR1","blue"
"KLF4","greenyellow"
"TDO2","turquoise"
"PMAIP1","greenyellow"
"SERPINE2","turquoise"
"SOCS3","greenyellow"
"CRYAB","pink"
"LAMP3","turquoise"
"SEMA4D","turquoise"
"TGFBR3","pink"
"PRKCB","turquoise"
"PPAP2B","turquoise"
"CD3D","turquoise"
"CD69","turquoise"
"S100A8","blue"
"MT1M","magenta"
"G0S2","pink"
"KDM5D","greenyellow"
"ADAMTS1","turquoise"
"ASPN","magenta"
"LCK","turquoise"
"LOC100272216","black"
"SELL","turquoise"
"GADD45A","blue"
"RARRES3","turquoise"
"PSMB9","turquoise"
"CCR5","turquoise"
"ICAM3","turquoise"
"C10orf10","pink"
"ZFP36","greenyellow"
"RARRES1","grey"
"GPX3","pink"
"FKBP11","turquoise"
"SERPINA3","turquoise"
"PRELP","pink"
"CEMIP","pink"
"CLIC5","turquoise"
"LRRC17","magenta"
"LOC100506558 ","blue"
"PLIN1","pink"
"SLC2A5","turquoise"
"SLC39A8","turquoise"
"CP","pink"
"CCL2","blue"
"TPPP3","turquoise"
"NDNF","turquoise"
"JUNB","greenyellow"
"SCG2","green"
"DEFB1","grey"
"GZMA","turquoise"
"EGFR","turquoise"
"PCDHGA3","brown"
"APOE","purple"
"MZB1","turquoise"
"TSPAN13","turquoise"
"SAMSN1","turquoise"
"NR4A2","greenyellow"
"RGS2","greenyellow"
"NPTX2","brown"
"GADD45B","greenyellow"
"TRAC ","turquoise"
"LOC102724250 ","brown"
"POSTN","magenta"
"TMEM100","turquoise"
"PLXDC1","magenta"
"DDIT4","pink"
"RGS1","grey"
"CEBPD","turquoise"
"SIK1","greenyellow"
"TFRC","blue"
"CSF2RB","turquoise"
"MXRA5","magenta"
"CD79A","turquoise"
"ALDH1A2 ","turquoise"
"COL5A2","magenta"
"LOC101929910 ","black"
"ELN","red"
"PSMB10","turquoise"
"NTRK2","turquoise"
"OLFML2B","magenta"
"FKBP5","turquoise"
"OSR2","blue"
"CD37","turquoise"
"HMOX1","blue"
"AIM1","turquoise"
"IFRD1","yellow"
"SYNM","blue"
"XBP1","turquoise"
"MYOC","turquoise"
"PPP1R1A","pink"
"MEG3","black"
"TPD52L1","turquoise"
"TIMP4","pink"
"ACOT7","turquoise"
"ITK","turquoise"
"LOXL2","magenta"
"CPA3","grey"
"WARS","blue"
"LCP1","turquoise"
"F3","yellow"
"CHRDL1","pink"
"PTGS2","greenyellow"
"MYH11","blue"
"ENPP1","turquoise"
"GHR","pink"
"LGALS2","turquoise"
"ATP8B1","black"
"CFB","turquoise"
"NKG7","turquoise"
"GOLGA8A","black"
"SELE","blue"
"NOTCH2NL","black"
"FBP1","turquoise"
"RHOB","turquoise"
"NR4A1","brown"
"CDH11","pink"
"THY1","magenta"
"CD38","turquoise"
"SERPINE1","red"
"ANGPTL7","pink"
"CD27","turquoise"
"CCL4","green"
"NOX4","blue"
"LOC101060275 ","black"
"LAP3","turquoise"
"MARCKS","pink"
"CCL3 ","greenyellow"
"FZD10","turquoise"
"CX3CR1","turquoise"
"PCDHGA10 ","brown"
"LAMB1","blue"
"NEDD9","turquoise"
"LAMA2","pink"
"PPP1R3C","blue"
"TPSAB1","green"
"CCNL1","greenyellow"
"STK17A","turquoise"
"MREG","turquoise"
"F5","magenta"
"PLAT","turquoise"
"FCGR2B","turquoise"
"PPP1R15A","greenyellow"
"CXCR4","turquoise"
"CA12","turquoise"
"TYMS","turquoise"
"HIST2H2AA3 ","greenyellow"
"ST6GAL1","turquoise"
"TPD52","turquoise"
"DNASE1L3","turquoise"
"TRAF3IP3","turquoise"
"MN1","red"
"SERPINB9","turquoise"
"LOXL1","magenta"
"TMOD1","turquoise"
"ADH1B","pink"
"IER2","greenyellow"
"HLA-DMB","turquoise"
"TENC1","turquoise"
"SLAMF1","turquoise"
"CFD","turquoise"
"BCL6","magenta"
"LY75","brown"
"GABARAPL1 ","turquoise"
"SORBS2","turquoise"
"QPCT","turquoise"
"ALOX5AP","green"
"ITGA4","turquoise"
"CXCL6","turquoise"
"MNDA","turquoise"
"IL13RA2","red"
"LILRB4","turquoise"
"SRPX","blue"
"TMEM259","brown"
"ACP5","turquoise"
"PRKAR2B","pink"
"UCP2","turquoise"
"MAP1B","blue"
"FBXW12","black"
"PCYOX1","red"
"JUN","greenyellow"
"MMP13","turquoise"
"MS4A1","turquoise"
"RRM2","turquoise"
"SPRY1","turquoise"
"ADAMTSL3","grey"
"TPSB2","grey"
"PDE1A","blue"
"LOC101928830 ","turquoise"
"BHLHE41","brown"
"ADIRF","pink"
"CD86","turquoise"
"BIRC3","turquoise"
"ADAMTS5","pink"
"TPSAB1 ","green"
"CALCRL","blue"
"CDKN1A","greenyellow"
"C1QTNF3","magenta"
"ENOSF1","black"
"AEBP1","red"
"LY86","turquoise"
"ANGPTL2","magenta"
"RHOBTB3","pink"
"LDLR","red"
"GZMB","turquoise"
"STAT1","turquoise"
"FBLN1","pink"
"IGFBP5","turquoise"
"IL21R","turquoise"
"MFAP2","magenta"
"SPRY2","turquoise"
"MICAL2","pink"
"VEGFC","pink"
"CCR2","turquoise"
"RBM47","turquoise"
"PDE4B","greenyellow"
"UST","turquoise"
"CD2","turquoise"
"FAM107A","turquoise"
"DMXL2","turquoise"
"PLAC8","turquoise"
"GDF15","turquoise"
"CST7","turquoise"
"CYBB","turquoise"
"CD8A","turquoise"
"RGS16","greenyellow"
"ACKR3","turquoise"
"XYLT1","grey"
"FXYD1","turquoise"
"HCK","turquoise"
"TREM1","turquoise"
"TLR7","turquoise"
"LOC100507472 ","turquoise"
"AXL","turquoise"
"THBS4","turquoise"
"GABARAPL1","brown"
"ANGPTL4","red"
"SLC39A14","magenta"
"CD14","turquoise"
"IER3","greenyellow"
"PLIN2","turquoise"
"PIEZO2","magenta"
"HIST1H2AC","green"
"LTBP4","turquoise"
"SNAI2","grey"
"TAGLN","blue"
"FAP","pink"
"TNXA ","turquoise"
"PLEK","turquoise"
"TIE1","blue"
"ZIC1","blue"
"ID1","grey"
"WASF3","pink"
"TRAC","turquoise"
"FCGR2A","turquoise"
"OLR1","turquoise"
"ELL2","magenta"
"SDC3","turquoise"
"LPXN","turquoise"
"MEST","pink"
"ISG20","turquoise"
"ADORA3","turquoise"
"CDH5","blue"
"DOCK10","turquoise"
"BTN3A2 ","brown"
"APOC1","red"
"P2RY14","blue"
"NID2","magenta"
"TLR2","blue"
"EIF5A","blue"
"SMCO4","turquoise"
"AKAP12","turquoise"
"CADM1","turquoise"
"RUNX1-IT1","black"
"SV2B","turquoise"
"ALDH1A1","red"
"FRZB","black"
"FMO2","pink"
"GABRA4","blue"
"AOC3","blue"
"MIR6883 ","turquoise"
"STC1","turquoise"
"DHRS9","turquoise"
"NCKAP1L","turquoise"
"SRGN","blue"
"TREM2","turquoise"
"C8orf44-SGK3 ","brown"
"ANKRD36B","black"
"RND3","greenyellow"
"LMOD1","blue"
"SCRG1","green"
"CCR1","turquoise"
"ID2 ","greenyellow"
"ADCY2","pink"
"C4A ","yellow"
"DDR2","turquoise"
"SOX5","turquoise"
"FRMD4B","brown"
"VAMP8","turquoise"
"GNPTAB","brown"
"THEMIS2","turquoise"
"TAP1","turquoise"
"FMOD","blue"
"HILPDA","brown"
"TCF7L2","pink"
"PTPRCAP","turquoise"
"SGCE","blue"
"LEPR ","pink"
"FBLN2","turquoise"
"TNFSF10","brown"
"CD55","grey"
"TIPARP","greenyellow"
"EDNRB","turquoise"
"PROCR","magenta"
"RASGRP1","turquoise"
"HLA-DMA","turquoise"
"CCL14 ","blue"
"CES1 ","pink"
"C3","turquoise"
"VCAM1","pink"
"LTB","turquoise"
"NT5DC2","magenta"
"ZNF160","black"
"LILRB5","green"
"ANKH","grey"
"TCF7L1","blue"
"GOLGA8A ","black"
"MYO1F","turquoise"
"KIAA0101","turquoise"
"AQP9","blue"
"SECTM1","turquoise"
"PLK2","magenta"
"ID4","turquoise"
"FCGR2C","turquoise"
"PIK3C2A","yellow"
"SMC4","turquoise"
"CHST2","grey"
"HLA-DQB2","turquoise"
"GIMAP6","brown"
"PDGFRL","blue"
"ABLIM1","turquoise"
"DUSP1","greenyellow"
"PABPN1","black"
"THBS1","red"
"CCR7","turquoise"
"PPARG","pink"
"SHOX2","blue"
"DPT","brown"
"SULF1","magenta"
"MCTP1","turquoise"
"HLA-DOB","turquoise"
"EPHA3","blue"
"SPON1","grey"
"CRIP1","turquoise"
"VOPP1","turquoise"
"MZT2B","black"
"LAMA4","magenta"
"WISP2","purple"
"TRIB1","greenyellow"
"SDF2L1","blue"
"PCSK5","blue"
"INHBB","turquoise"
"KIAA0485","black"
"RTN1","turquoise"
"PNMA2","brown"
"EVI2B","turquoise"
"MFAP4","turquoise"
"MYH10","blue"
"SEMA3A","green"
"ALPL","turquoise"
"SCO2","blue"
"UGCG","brown"
"RCAN1","blue"
"GPR116","blue"
"MGP","turquoise"
"FPR3","turquoise"
"DENND2D","turquoise"
"DNM1","turquoise"
"SYK","turquoise"
"PLEKHO1","turquoise"
"CECR1","turquoise"
"GCHFR","green"
"IL15","turquoise"
"CLEC10A","turquoise"
"ITGB2","turquoise"
"GOLM1","pink"
"GULP1","pink"
"POMZP3 ","grey"
"CDKN3","turquoise"
"MECOM","blue"
"TRAPPC10","black"
"PTPN6","turquoise"
"PRRX1","grey"
"BTN3A3","brown"
"FOSL2","greenyellow"
"GABBR1","black"
"THBS3","magenta"
"FOXD1","green"
"SUN1","yellow"
"CAMK2N1","blue"
"ITGA7","turquoise"
"MMRN2","blue"
"CD4","turquoise"
"NUSAP1","turquoise"
"NMI","turquoise"
"MAN2A1","turquoise"
"NAP1L3","brown"
"PDPN","blue"
"PTTG1","turquoise"
"LAT2","turquoise"
"IGFBP2","purple"
"FCER1A","grey"
"ARHGAP15 ","turquoise"
"SETBP1","blue"
"UAP1","magenta"
"HLA-DPB1","turquoise"
"LINC01140","blue"
"CDC42EP4","turquoise"
"EIF2S3","grey"
"GPM6B","blue"
"SLPI","pink"
"GPRC5A","brown"
"TRAF3","turquoise"
"MTUS2","brown"
"LTBP3","purple"
"PTGER4","red"
"TM4SF1","turquoise"
"EGFL6","turquoise"
"ZEB2","yellow"
"GUCY1B3","magenta"
"SDC4","magenta"
"CXADR","turquoise"
"TAPBP","turquoise"
"DOCK2","turquoise"
"CFH","blue"
"TNFAIP3","turquoise"
"GSAP","turquoise"
"PLSCR4","blue"
"KIAA1551","turquoise"
"PARP12","turquoise"
"PIM1","greenyellow"
"CD24","turquoise"
"SKIL","black"
"SIX3","brown"
"C16orf45","turquoise"
"CEBPA","pink"
"ZBTB18","yellow"
"MS4A4A","turquoise"
"SLC25A37","brown"
"TNC","blue"
"ASS1","pink"
"SORL1","pink"
"PLCG2","turquoise"
"FAM198B","black"
"TFEC","turquoise"
"OLFML2A","blue"
"EMCN","blue"
"HLA-DQB1","turquoise"
"CHN1","magenta"
"TJP2","turquoise"
"MT1F","magenta"
"HPGDS","turquoise"
"HLA-DRA","turquoise"
"SESN1","blue"
"VWF","blue"
"CD34","blue"
"IRF1","turquoise"
"VAMP1","brown"
"SLC7A5","brown"
"SNX10","greenyellow"
"TMEM176B","turquoise"
"PILRA","turquoise"
"IL1R1","turquoise"
"NID1","turquoise"
"ITM2C","turquoise"
"AGT","turquoise"
"IGHA1 ","turquoise"
"IDH2","turquoise"
"FAM134B","turquoise"
"ACTA2","blue"
"CTSC","turquoise"
"CDKN1C","blue"
"ERAP1","turquoise"
"ISLR","red"
"TNS3","turquoise"
"OSMR","red"
"RUNX1T1","blue"
"MEOX2","blue"
"LY96","turquoise"
"HTR2B","red"
"GIMAP4","brown"
"NUPR1","red"
"MX1","turquoise"
"EMP1","turquoise"
"DENND1B","brown"
"RUNX3","turquoise"
"LST1","turquoise"
"HSPB8","turquoise"
"IGSF6","turquoise"
"EDNRA","magenta"
"FZD6","blue"
"GSN","pink"
"IGFBP3","green"
"SYBU","pink"
"IRS2","pink"
"KLRC4-KLRK1 ","turquoise"
"RAMP3","blue"
"LIPE","pink"
"PIK3R1","pink"
"LILRB2","turquoise"
"MINOS1-NBL1 ","red"
"BDKRB2","yellow"
"MEOX1","magenta"
"MTUS1","blue"
"NFKBIE","turquoise"
"PRF1","turquoise"
"CXCL11","turquoise"
"CD53","turquoise"
"HK3","turquoise"
"DLX4","purple"
"ARHGAP29","blue"
"PLAU","blue"
"FOXO1","pink"
"RNASET2","turquoise"
"PTPN7","turquoise"
"SLC1A1","turquoise"
"LTBP2","blue"
"N4BP2L2 ","black"
"CLDN5","blue"
"MICB","turquoise"
"STEAP1","turquoise"
"PTGES","turquoise"
"LOC100130872 ","red"
"XCL1","turquoise"
"ADCY7","turquoise"
"RNASE4","pink"
"HSD11B1","magenta"
"ANK3","green"
"C1QB","turquoise"
"RARRES2","turquoise"
"CLK1","turquoise"
"FCGR3B","turquoise"
"SLC2A14 ","brown"
"HOXC6","blue"
"IL10RA","turquoise"
"SPINT2","turquoise"
"AMPH","turquoise"
"PDGFD","blue"
"BTG2","greenyellow"
"HK2","brown"
"APOL1","turquoise"
"TYMP","turquoise"
"LCP2","turquoise"
"LRIF1","green"
"LDB2","blue"
"COTL1","turquoise"
"MIR7703 ","turquoise"
"NPL","turquoise"
"KAL1","turquoise"
"KCNJ2","turquoise"
"IRF4","turquoise"
"UGDH","red"
"BZW1","magenta"
"CRLF3","turquoise"
"IGK","turquoise"
"IFI27","turquoise"
"SPOCK1","blue"
"GRK5","turquoise"
"GLIPR1","turquoise"
"SASH3","turquoise"
"CMAHP","yellow"
"BTN2A2","turquoise"
"HOXC10","blue"
"GZMH","turquoise"
"KCNK3","magenta"
"P2RX7","turquoise"
"PCDH9","turquoise"
"SMPDL3A","brown"
"PTN","grey"
"RAMP2","blue"
"H1F0","turquoise"
"PLA2G2D","turquoise"
"TNFAIP8","turquoise"
"HSPA6","black"
"STEAP4","red"
"BGN","magenta"
"RCBTB1","brown"
"CSK","turquoise"
"PAMR1","grey"
"IFI44L","green"
"MAOB","pink"
"SPATA20","yellow"
"COL16A1","magenta"
"FCER1G","turquoise"
"PGF","black"
"APLNR","magenta"
"DRAM1","turquoise"
"ADAP2","turquoise"
"BNIP3","pink"
"MARCKSL1","turquoise"
"AUTS2","turquoise"
"CYP26B1","turquoise"
"ARMCX1","blue"
"C6orf211","brown"
"CH25H","pink"
"GEM","turquoise"
"CLEC7A","turquoise"
"GPSM2","blue"
"AOX1","pink"
"TLR8","turquoise"
"OSBPL3","turquoise"
"F13A1","turquoise"
"IRF8","turquoise"
"ACKR1","turquoise"
"MYLK","blue"
"RHOH","turquoise"
"MS4A6A","turquoise"
"TNFAIP2","yellow"
"GCA","turquoise"
"CD247","turquoise"
"CLEC11A","magenta"
"FZD7","blue"
"INHBA","brown"
"CPE","pink"
"HAUS2","black"
"HCP5","turquoise"
"TMEM135","blue"
"SGK1","black"
"FMO3","blue"
"CRIM1 ","blue"
"HYMAI","black"
"NBL1","red"
"SOBP","blue"
"MCOLN3","green"
"PER3","magenta"
"NAV2","turquoise"
"HMGB2","yellow"
"PIK3CD","turquoise"
"USP32P2","yellow"
"BCL3 ","brown"
"EMR2","blue"
"MMD","blue"
"TWIST1","blue"
"IQGAP2","brown"
"DPP4","turquoise"
"FANCL","brown"
"CD200","turquoise"
"PENK","brown"
"PLA2G16","pink"
"KCTD9","yellow"
"COL3A1","magenta"
"TARP ","turquoise"
"MTHFD2","magenta"
"MBP","turquoise"
"ITGAM","turquoise"
"FABP5","grey"
"IGF1R","turquoise"
"IL2RB","turquoise"
"PRR11","black"
"PIK3R3","blue"
"HPSE","turquoise"
"SPARC","magenta"
"SGPL1","turquoise"
"TUSC3","magenta"
"NRN1","blue"
"ACACB","pink"
"CAV2","blue"
"SPI1","green"
"PTPRF","pink"
"GAS1","blue"
"GMFG","turquoise"
"CD3E","turquoise"
"IL1RN","blue"
"CYTH4","turquoise"
"CKS2","turquoise"
"TYROBP","turquoise"
"FAM46C","turquoise"
"KMO","turquoise"
"EFHD1","blue"
"MARCO","turquoise"
"KIT","pink"
"CRIP2","purple"
"C3AR1","turquoise"
"DOCK9","blue"
"TNFRSF17","turquoise"
"TMX4","yellow"
"C1orf54","magenta"
"SLC38A6","brown"
"RTEL1-TNFRSF6B ","blue"
"CBLB","turquoise"
"IFIH1","brown"
"MAP1A","turquoise"
"RB1","brown"
"AMPD3","turquoise"
"SERPINH1","magenta"
"BIN2","turquoise"
"BHLHE40","greenyellow"
"CETN3","blue"
"LXN","turquoise"
"IFIT1","brown"
"TRIM14","turquoise"
"KLF2","turquoise"
"FAH","pink"
"GAS2L1","magenta"
"RP11-403P17.4","black"
"TSPAN7","turquoise"
"ADAMTS9","brown"
"IER5","green"
"SLC38A1","turquoise"
"ACAP1","green"
"FILIP1L","red"
"TCERG1","red"
"CREB5 ","turquoise"
"TSC22D1","blue"
"ACYP1","blue"
"SOX9","turquoise"
"PYCARD","turquoise"
"COL21A1","blue"
"DPYD","yellow"
"ARHGAP6","pink"
"CD300A","turquoise"
"LIPA","magenta"
"CPVL","turquoise"
"TRIB2","magenta"
"RNF125","brown"
"EXT1","turquoise"
"SLC2A6","turquoise"
"HSPA13","purple"
"CEP170 ","yellow"
"CYLD","turquoise"
"FAM129A","turquoise"
"SCAF4","black"
"EPHX1","purple"
"EML1","blue"
"NCF4","turquoise"
"PVRIG","turquoise"
"COL18A1","red"
"KHDRBS3","turquoise"
"NDUFA4L2","yellow"
"HSPE1-MOB4 ","green"
"GPR88","grey"
"FGR","blue"
"TACC2","turquoise"
"REV3L","turquoise"
"ARHGAP25","turquoise"
"AGL","brown"
"DPYSL3","magenta"
"LINC00312","red"
"RBPMS","turquoise"
"ICAM1","yellow"
"FRMD4A","black"
"RASSF2","turquoise"
"CNN1","blue"
"PLEKHA1","brown"
"KLRB1","turquoise"
"SELENBP1","pink"
"PLA2G15","turquoise"
"RELB","blue"
"HSPB6","pink"
"PTPRG","turquoise"
"P2RY13","turquoise"
"GLYR1 ","brown"
"FGL2","grey"
"AKR1C2 ","pink"
"SEMA3G","blue"
"DAAM2","blue"
"JAG1","blue"
"SVEP1","turquoise"
"EGR3","greenyellow"
"CSF1R","turquoise"
"PDLIM3","magenta"
"PXDN","magenta"
"COL1A2","magenta"
"ATR","purple"
"TNFRSF1B","turquoise"
"UFL1","yellow"
"MYO1D","blue"
"CDKN1B","yellow"
"ITGB3BP","green"
"RAB11FIP1","blue"
"CD209","grey"
"LILRB1","turquoise"
"PSMB8","turquoise"
"OAS2","brown"
"ELTD1","blue"
"VNN2","blue"
"OMD","blue"
"MARCH1","turquoise"
"H1FX","purple"
"SSR4","turquoise"
"FUCA1","turquoise"
"CD47","blue"
"MSR1","turquoise"
"SRPX2","grey"
"FOXO3 ","turquoise"
"CCND1","grey"
"STAG3L3","black"
"SLC7A7","turquoise"
"GPRC5B","blue"
"GFPT2","magenta"
"PLN","blue"
"TRPV2","turquoise"
"OBSL1","purple"
"FNBP1","turquoise"
"ANK2","turquoise"
"ZNF721","black"
"RALGAPA1","yellow"
"ZFPM2","blue"
"NKTR","black"
"PHTF2","yellow"
"THBS2","magenta"
"KCNMB1","turquoise"
"TMEM47","blue"
"ZBTB20","turquoise"
"CIDEC","pink"
"FAS","turquoise"
"TNFRSF12A","red"
"CTSS","turquoise"
"LARP6","turquoise"
"RFC5","yellow"
"LMCD1","turquoise"
"NET1","blue"
"PRG4","turquoise"
"PTPRE","turquoise"
"LOC729966 ","black"
"NDRG2","turquoise"
"GSTM3","blue"
"APOL6","turquoise"
"ECM1","yellow"
"AKR1C1","pink"
"LYPLA1","yellow"
"TXNDC15","turquoise"
"BTK","turquoise"
"MT1G","magenta"
"HN1","turquoise"
"KDELC1","magenta"
"ATP2A3","turquoise"
"CTC-425F1.4","green"
"STAT4","turquoise"
"XCL1 ","turquoise"
"ZCCHC14","blue"
"GJA1","red"
"IL33","blue"
"MT1X","magenta"
"NUAK1","blue"
"LYZ","turquoise"
"OGT","brown"
"RGS3","magenta"
"IQCJ-SCHIP1 ","green"
"SLC35G2","turquoise"
"JAK2","turquoise"
"PFKP","grey"
"EMX2","blue"
"RTP4","brown"
"F2R","magenta"
"GSPT2","brown"
"YTHDC2","yellow"
"BANK1","turquoise"
"CENPU","turquoise"
"CSRP2","turquoise"
"ACP2","turquoise"
"APOB","pink"
"LOC100996668 ","blue"
"MARCH3","blue"
"DPEP2","turquoise"
"ABCA6","brown"
"MCM5","turquoise"
"CIDEA","pink"
"SCARB2","black"
"ASF1A","brown"
"NCOA2","brown"
"PLEKHF2","brown"
"NCF2","turquoise"
"MAGED4 ","magenta"
"CAPG","turquoise"
"LOC101060321 ","black"
"SGPP1","black"
"GPR65","turquoise"
"TLR1","blue"
"CENPT","green"
"ARID5B","turquoise"
"HS3ST2","turquoise"
"UBE2L6","turquoise"
"AMIGO2","brown"
"HSPG2","red"
"STON1","turquoise"
"GAREM","blue"
"NOTCH3","blue"
"IDO1","turquoise"
"FNBP1L","blue"
"HMHA1","turquoise"
"PDE4DIP","green"
"HSPA2","green"
"ID2","brown"
"GAL3ST4","yellow"
"ZNF423","brown"
"PHYH","blue"
"GATM","brown"
"SLC11A1","black"
"LGMN","turquoise"
"DACT1","blue"
"VAMP5","turquoise"
"FERMT2","turquoise"
"C14orf132","red"
"POMZP3","grey"
"CFI","grey"
"MMRN1","blue"
"TMEM2","blue"
"COL6A2","red"
"INPP5D","turquoise"
"SERINC3","green"
"RERGL","blue"
"SLK","yellow"
"NAGK","turquoise"
"NAIP","turquoise"
"DDAH1","turquoise"
"ACSL4","red"
"TAP2","turquoise"
"PPIP5K2","yellow"
"AKT2","brown"
"M6PR","turquoise"
"TCRDV2 ","turquoise"
"ZWINT","turquoise"
"RHOBTB1","brown"
"FZD1","brown"
"CIRBP","turquoise"
"AGAP10 ","black"
"CA2","turquoise"
"NR1D1 ","turquoise"
"BAMBI","red"
"RSAD2","green"
"MYO5C","blue"
"TUBA4A","turquoise"
"NMRK1","brown"
"HES1","greenyellow"
"SEMA3E","turquoise"
"SYNGR2","turquoise"
"STAB1","red"
"CD83","greenyellow"
"LRMP","turquoise"
"ADAM19","turquoise"
"HLF","blue"
"FEM1C","green"
"SYNE2","green"
"IGFBP4","yellow"
"EZR","turquoise"
"SPAG4","turquoise"
"NLGN4Y","greenyellow"
"SMC2","brown"
"ADH1C","pink"
"IGF1","brown"
"ABI3BP","black"
"NR2F2","blue"
"PRSS23","magenta"
"TMCO3","black"
"GMNN","blue"
"MORC4","turquoise"
"TPM2","blue"
"ATOX1","turquoise"
"MAP4K1","turquoise"
"PRRC2A","green"
"EPB41L1","purple"
"LOC101928916 ","magenta"
"CD72","turquoise"
"MIR21 ","purple"
"FAM47E ","pink"
"ATM","turquoise"
"PLEKHA5","red"
"MEIS2","blue"
"RSBN1","yellow"
"ACAP2","yellow"
"TSR1","black"
"GNA15","turquoise"
"ZNF652","brown"
"SCML1","red"
"INSIG2","brown"
"MLF1","turquoise"
"WWTR1","yellow"
"GALNT1","pink"
"AKAP1","turquoise"
"KANK1","turquoise"
"CCNL2","black"
"SLC19A3","pink"
"KCNJ8","blue"
"SLCO4A1","brown"
"MIR6732 ","brown"
"PLS3","blue"
"PNMAL1","red"
"MXRA8","red"
"S100A13","blue"
"ZNF267","yellow"
"EBLN2","black"
"PTGFR","grey"
"SEMA5A","grey"
"ETNK1","brown"
"FAIM3","turquoise"
"KIAA1598","turquoise"
"MXI1","blue"
"MZF1","black"
"BAZ1A","purple"
"COL5A3","magenta"
"THBD","brown"
"CLDND1","green"
"MYL9","blue"
"DKFZP586I1420","black"
"RPS6KA1","turquoise"
"GUCY1A3","magenta"
"NOV","turquoise"
"PDGFRB","red"
"IFI30 ","turquoise"
"LYN","turquoise"
"CRY1","yellow"
"CORO2B","turquoise"
"NOC3L","purple"
"PLA2G4A","green"
"PHLPP1","blue"
"JMJD1C","yellow"
"RRAS2","red"
"TDG","yellow"
"ENPP4","yellow"
"SAR1B","yellow"
"HLA-DQB1 ","turquoise"
"CYBA","turquoise"
"AK1","grey"
"FMNL1","green"
"PALMD","blue"
"SLIT3","blue"
"GPRASP1","blue"
"PDGFA","red"
"WDR41","brown"
"LRP5","purple"
"RNF144A","magenta"
"COL14A1","brown"
"PTPRD","brown"
"OLFML3","red"
"P2RX5-TAX1BP3 ","brown"
"ME2","turquoise"
"LOC645166 ","red"
"CCDC91","brown"
"EMILIN1","yellow"
"CLEC3B ","turquoise"
"FAM65B","purple"
"DIXDC1","blue"
"MBNL2","blue"
"DCK","brown"
"NR1H3","turquoise"
"SUCLA2","yellow"
"NPIPA5 ","black"
"NAGA","turquoise"
"MGAT2","purple"
"C1QA","turquoise"
"CRISPLD2","red"
"FHL1","blue"
"P2RX4","turquoise"
"NPC1","turquoise"
"MERTK","turquoise"
"GPD1","pink"
"FAT4","blue"
"EFNA5","turquoise"
"C9orf3","turquoise"
"DIAPH2","blue"
"PRKACB","brown"
"ANPEP","black"
"CPM","blue"
"CASP1","turquoise"
"PIM2","turquoise"
"HOXA10","purple"
"SDS","blue"
"SSPN","blue"
"MAPRE3","green"
"LOC100506076 ","black"
"VSIG4","turquoise"
"BTN3A1","brown"
"STXBP1","turquoise"
"HLA-DPA1","turquoise"
"HP ","brown"
"IGFLR1","turquoise"
"DNAJB1","greenyellow"
"FASN","pink"
"MICAL1","red"
"TSPYL1","yellow"
"MFF","green"
"GALNT6","turquoise"
"BEGAIN","brown"
"AKR1C3","blue"
"NPR3","pink"
"CSTA","turquoise"
"ELP5","turquoise"
"MAP3K4","blue"
"SEC23A","yellow"
"FABP3","turquoise"
"C5AR1","blue"
"SLC33A1","brown"
"PDLIM7","yellow"
"SEC24A","yellow"
"SEMA4A","turquoise"
"LOC100293211","turquoise"
"DPY19L4","blue"
"KANK2","blue"
"KLF7","turquoise"
"DLC1","turquoise"
"DOK5","magenta"
"TBC1D9","brown"
"HSPB2","blue"
"PRKCH","black"
"TRO","green"
"CRELD2","turquoise"
"CBR3","brown"
"MX2","turquoise"
"MDM1","brown"
"EPN2 ","turquoise"
"LOC102724229 ","brown"
"TMEM176A","turquoise"
"ZFYVE16","yellow"
"PALM","blue"
"HNRNPH2 ","yellow"
"IL11RA","blue"
"LHFP","blue"
"SORBS1","black"
"CLU","turquoise"
"YES1","turquoise"
"EGR2","greenyellow"
"TCF7","turquoise"
"NPIPA1 ","black"
"CKLF ","turquoise"
"DNAJB9","purple"
"BST2","turquoise"
"ATF5","turquoise"
"DMTF1","yellow"
"DUSP6","black"
"IRAK3","yellow"
"SLC5A3","grey"
"IL1B","black"
"DDX60","brown"
"CTSL","blue"
"UPF3A","turquoise"
"LBH","purple"
"MINK1","yellow"
"GAA","yellow"
"SLC1A3","pink"
"GSTM2","green"
"SMAD4","yellow"
"PYROXD1","yellow"
"NR1D2","grey"
"AIF1","turquoise"
"HOXB6","turquoise"
"CKB","turquoise"
"FAM69A","brown"
"CTSW","turquoise"
"SLC2A3","brown"
"ZSCAN18","blue"
"CSTB","yellow"
"DUSP5","brown"
"ITPR1","black"
"FBXO16 ","purple"
"MCAM","blue"
"DUSP10","grey"
"HIST1H2BK","green"
"FIGF ","turquoise"
"PTPN2","blue"
"VAV1","turquoise"
"ADRA2A","pink"
"PITX1","turquoise"
"SLIT2","purple"
"CD74","turquoise"
"ANGPT2","magenta"
"PLOD2","red"
"DICER1","grey"
"LUC7L3","yellow"
"TULP3","blue"
"KCNE4","blue"
"ITGA6","blue"
"THUMPD1","yellow"
"IGLV4-60 ","turquoise"
"PEG3","blue"
"PTPRB","blue"
"SLC29A1","turquoise"
"TM2D1","yellow"
"MAN2B1","turquoise"
"SMAD3","blue"
"MAP4K3","yellow"
"TNFRSF10B","red"
"TMEM158","blue"
"SZRD1","brown"
"RGCC","turquoise"
"C1GALT1","turquoise"
"HIST2H2BE","pink"
"TOB1","pink"
"RCAN2","blue"
"ANGPT1","blue"
"HOPX","turquoise"
"IFI6","grey"
"PLVAP","blue"
"GRINA","green"
"RBM3","red"
"SCARA3","yellow"
"ADAMTS2","magenta"
"ZNF395","pink"
"NUP54","yellow"
"ECHDC2","turquoise"
"PLBD1","turquoise"
"COLGALT2","pink"
"SRSF5","black"
"AREL1","turquoise"
"OLFML1","brown"
"SASH1","blue"
"TWF1","yellow"
"PCK1","pink"
"WSB1","black"
"NT5E","red"
"EFNB2","turquoise"
"RAPGEF5","blue"
"CCNB2","turquoise"
"ME1","turquoise"
"ISG15","turquoise"
"NOD2","blue"
"SPCS3","turquoise"
"UBE2D1","yellow"
"TPM1","blue"
"MIR6840 ","black"
"EIF2AK2","green"
"NCALD","magenta"
"POLI","blue"
"ENTPD1","turquoise"
"TGIF1","turquoise"
"KIF13A","black"
"CRYZ","blue"
"MME","green"
"ODC1","red"
"PFKFB3","turquoise"
"PER2","yellow"
"AKAP2 ","turquoise"
"EIF2AK3","yellow"
"LIPT1","blue"
"LAPTM4B","yellow"
"SKAP2","turquoise"
"HCAR3","blue"
"CTNNB1","black"
"PPAP2A","blue"
"SOX17","blue"
"CAPN3","black"
"ATXN1","turquoise"
"RNF11","yellow"
"SLN","grey"
"RASL12","blue"
"BAI3","turquoise"
"TMEM204","blue"
"ANKRD10-IT1","black"
"TSC22D3","blue"
"PLD3","green"
"DDX39A","blue"
"KRAS","grey"
"EAPP","blue"
"JAM2","blue"
"CEP68","blue"
"CCDC69","blue"
"HERC5","blue"
"ZNHIT6","yellow"
"USP9Y","greenyellow"
"SGMS1","brown"
"GPR124","red"
"LBR","turquoise"
"SLC35E1","black"
"ITIH5","pink"
"SRSF11","green"
"ARGLU1","black"
"ACSL5","turquoise"
"DLGAP4","green"
"MT1E","magenta"
"LRRC32","grey"
"TCIRG1","turquoise"
"RAB27A","turquoise"
"MINA","red"
"PLAUR","blue"
"TAF7","yellow"
"ENAH","brown"
"YTHDF3","yellow"
"FKBP10","yellow"
"FMO1","magenta"
"DIP2A","black"
"TPM4","yellow"
"CD19","turquoise"
"RBM26","yellow"
"TSC22D2","red"
"BTAF1","yellow"
"HDHD1","greenyellow"
"CYFIP2","turquoise"
"MSC","green"
"CEBPB","greenyellow"
"RB1CC1","yellow"
"BMP2K","turquoise"
"ITM2A","blue"
"CX3CL1","blue"
"ATP9A","pink"
"MANF","blue"
"AHSA2","brown"
"ITPR3","magenta"
"PMS1","yellow"
"MGLL","blue"
"UGP2","magenta"
"DLG5","turquoise"
"DYSF","pink"
"RBMS3","turquoise"
"BRD4","brown"
"HSPA1A ","turquoise"
"SLC36A1","turquoise"
"GGH","turquoise"
"CASP8","turquoise"
"LRRC8D","turquoise"
"LRP1","green"
"KPNA2","turquoise"
"APOBEC3A ","blue"
"RFTN1","turquoise"
"DGKZ","turquoise"
"IL16","turquoise"
"STX16","black"
"BHMT2","turquoise"
"PEX6","yellow"
"HLA-DRB1 ","turquoise"
"PTMS","green"
"FAT1","pink"
"MDK","magenta"
"GSTM5","turquoise"
"CLK4","yellow"
"SPRED2","turquoise"
"PDZD2","green"
"BNC2","magenta"
"VEGFB","purple"
"SOCS2","turquoise"
"TAOK1","black"
"LGALS9","turquoise"
"HRH1","red"
"BAZ2B","brown"
"EDRF1","brown"
"FEZ1","blue"
"GOLGA6L4 ","yellow"
"GSTT1","grey"
"MIR22 ","greenyellow"
"FRY","blue"
"MT1HL1","magenta"
"LAMP2","turquoise"
"ZFHX3","turquoise"
"ALG13","brown"
"IMPA2","turquoise"
"CTSD","green"
"TMEM51","turquoise"
"GPR183","grey"
"NNT","black"
"PCMTD2","blue"
"CD84","turquoise"
"GAS7","red"
"KDR","blue"
"ARRB2","turquoise"
"CTSO","brown"
"GRAMD3","blue"
"PAPSS2","turquoise"
"TJP1","blue"
"HNMT","brown"
"CCDC59","yellow"
"TSPYL4","blue"
"AQP1","magenta"
"BMP4","turquoise"
"KIAA1109","blue"
"TFPI","pink"
"TRMT13","yellow"
"CLEC5A","blue"
"GTF2H5","green"
"SLC31A1","turquoise"
"CUEDC1","brown"
"CNDP2","turquoise"
"EBF2","turquoise"
"AGA","turquoise"
"MCAM ","blue"
"SOX18","blue"
"LOC101927705 ","magenta"
"STK10","turquoise"
"SERPINI1","brown"
"CRABP2","grey"
"PNISR","black"
"ADI1","yellow"
"ARHGEF3","brown"
"CD180","turquoise"
"GOLGA8N","yellow"
"ERBB2IP","yellow"
"LRRC2","yellow"
"WIPF1","brown"
"USP33","blue"
"RNASE2","grey"
"CREBBP","yellow"
"GBE1","pink"
"DAPK3 ","green"
"SLC17A9","blue"
"ETS2","turquoise"
"COX7A1","turquoise"
"NYNRIN","blue"
"C12orf5","turquoise"
"FLVCR2","turquoise"
"FUBP3","yellow"
"SMNDC1","yellow"
"TCF15","green"
"LAMB2","purple"
"BMP2","brown"
"LOC100507577 ","black"
"ERC1","grey"
"PPIC","magenta"
"FADS1 ","turquoise"
"FBLN5","pink"
"AKIP1 ","turquoise"
"SAV1","turquoise"
"BICC1","magenta"
"NUP88","red"
"THAP9-AS1","yellow"
"TAPBPL","turquoise"
"ARNTL2","turquoise"
"MEX3C","yellow"
"ZFP36L1","black"
"ASAP1-IT1","black"
"LOC100996693 ","purple"
"ELAVL3","green"
"LMNA","yellow"
"SLC6A8","brown"
"AMDHD2 ","yellow"
"OGFOD3","brown"
"AMOTL2","blue"
"AOAH","turquoise"
"MT2A","magenta"
"EPB41L3","purple"
"COCH","green"
"FYB","turquoise"
"PCDHGA1 ","purple"
"TGFB1I1","blue"
"DDX58","brown"
"GALNT7","yellow"
"HOXA10-HOXA9 ","blue"
"C1QTNF1","turquoise"
"FUT7","green"
"SPSB1","turquoise"
"TACSTD2","green"
"HYAL1","blue"
"NQO2","greenyellow"
"ASPA","pink"
"HSPH1","red"
"DOCK4","turquoise"
"LINC00342","black"
"ANKRD11","brown"
"SETX","turquoise"
"RGS5","blue"
"MED28","red"
"TRAF5","brown"
"HTR2A","blue"
"CD97","turquoise"
"ECM2","green"
"PALLD","blue"
"TRIL","grey"
"ARHGDIB","turquoise"
"SRSF7","greenyellow"
"CD28","turquoise"
"COX11","blue"
"GADD45G","turquoise"
"LARP4","purple"
"PEX5","pink"
"CYB5R4","turquoise"
"NRBF2","yellow"
"TCF12","blue"
"CCL21","turquoise"
"PPFIBP1","green"
"LPAR6","brown"
"FUT8","brown"
"CTSH","turquoise"
"C11orf95","blue"
"GFPT1","green"
"THOC7","yellow"
"SLA","blue"
"METTL7A","blue"
"PTPRK","blue"
"SLC31A2","turquoise"
"IFIT3","grey"
"KIAA0754","black"
"MSL3","turquoise"
"MIS12","yellow"
"PRPF40A","brown"
"PRC1","turquoise"
"NFIB","blue"
"GPSM3","pink"
"HAB1","green"
"VGLL4","turquoise"
"EAF2","turquoise"
"LOC100506403 ","blue"
"MMP14","brown"
"HIST1H1C","grey"
"FKBP9","red"
"SEH1L","red"
"BTBD3","blue"
"FBXO11","yellow"
"UBE2J1","turquoise"
"MFGE8","purple"
"HPGD","red"
"GRAMD1B","turquoise"
"GABRE ","pink"
"LOC101928189 ","brown"
"CHSY1","red"
"NUPL2","purple"
"FPGT","blue"
"KCNMA1","brown"
"PRDX4","turquoise"
"PTBP2","yellow"
"LMO4","turquoise"
"KATNBL1","green"
"KIAA0355","blue"
"GK","blue"
"EFHD2","blue"
"BLOC1S5-TXNDC5 ","turquoise"
"ARHGAP5","yellow"
"SEPT5-GP1BB","green"
"CNIH1","purple"
"TNFRSF21","grey"
"DENR","yellow"
"HAT1","green"
"DCLK1","blue"
"BATF","turquoise"
"SH3BP4","blue"
"DCP2","brown"
"PLGRKT","turquoise"
"C2","turquoise"
"COLEC12","turquoise"
"BTG1","greenyellow"
"TSKU","pink"
"SLC20A1","pink"
"HIC1","green"
"SCD","pink"
"UBE2S","red"
"PELI1","red"
"PTGER2","brown"
"SH3GLB2","purple"
"SUGP2","black"
"RBM12","red"
"RPS6KA3","purple"
"FOXC1","greenyellow"
"HLA-DRB6","turquoise"
"RALGDS","yellow"
"NECAP2","turquoise"
"PERP","pink"
"LAG3","turquoise"
"VCPKMT","yellow"
"PODXL","blue"
"GPR18","turquoise"
"CPQ","red"
"MAP3K5","turquoise"
"ANO1","magenta"
"MAP3K6","purple"
"ATP1B1","blue"
"MITF","blue"
"GBP2","brown"
"TMEM45A","blue"
"TMEM63A","green"
"SLC24A3","turquoise"
"TGFB1","turquoise"
"BOLA2 ","turquoise"
"PXDC1","turquoise"
"KDM6B","brown"
"NCK1","brown"
"STK38L","yellow"
"NFKBIA","greenyellow"
"EPB41L4B","pink"
"EHD2","blue"
"MSANTD2","yellow"
"ATP8A1","brown"
"SLC4A7","brown"
"COL4A1","grey"
"EIF1B","yellow"
"ENO2","red"
"RAP2B","turquoise"
"TPR","grey"
"XPOT","red"
"FHL2","red"
"STK17B","turquoise"
"NFIC","green"
"SIL1","turquoise"
"COMMD8","brown"
"VWA1","yellow"
"SEPT6","brown"
"ATP6V0E2","turquoise"
"CD2AP","blue"
"AGPS","turquoise"
"ALDH1A3","red"
"FAM118A","green"
"LAIR1","turquoise"
"PANK3","yellow"
"IFNAR2","turquoise"
"APBB3 ","black"
"LEPROTL1","brown"
"PTPLB","green"
"LEPRE1","magenta"
"AMT","black"
"TOPBP1","brown"
"RPL17 ","brown"
"ANP32E","yellow"
"FADS3","brown"
"EXOC5","black"
"PIK3CB","brown"
"ADAM15","brown"
"LOC399491","black"
"NPIPB15","black"
"CRTAC1","grey"
"LTB4R2","green"
"FOXO3","pink"
"PLEKHB2","turquoise"
"F8","blue"
"ZAP70","turquoise"
"CCL20","brown"
"ATF1","yellow"
"ARAP2 ","turquoise"
"CTSZ","turquoise"
"SNHG17","red"
"BEX4","blue"
"SYPL1","black"
"SCAMP4","yellow"
"LOC145783 ","blue"
"CSGALNACT1","grey"
"LMO2","yellow"
"SIX2","turquoise"
"WEE1","blue"
"PPP3CA","turquoise"
"PASK","turquoise"
"PHF20","turquoise"
"ITPKB","magenta"
"GSTT2","turquoise"
"GCC2","brown"
"JMJD7-PLA2G4B ","black"
"DOHH","green"
"RRP15","red"
"COL4A2","red"
"NAT1","turquoise"
"HOMER3","red"
"TMEM14B","brown"
"LTBP1","red"
"SNED1","turquoise"
"PKD2","blue"
"C3orf14","green"
"DIRAS3","pink"
"TGM2","turquoise"
"MYO15B","black"
"SLC25A16","black"
"SLC7A8","turquoise"
"MTSS1","blue"
"MAL","grey"
"SLC16A7","turquoise"
"PDE2A","blue"
"DHRS3","pink"
"CCNB1","turquoise"
"LAMA3","pink"
"SRSF6","red"
"RPS6KA2","blue"
"OXR1","blue"
"PTP4A3","turquoise"
"TAF1D","purple"
"SACM1L","yellow"
"ZNF302","brown"
"CNN3","turquoise"
"CTSK","magenta"
"C12orf29","yellow"
"NES","turquoise"
"LIF","brown"
"ASNSD1","red"
"TRAPPC2","yellow"
"NUCB2","turquoise"
"OPN3","magenta"
"PCGF2","blue"
"TLR3","brown"
"NPIPA1","black"
"SYNC","brown"
"CSF3R","blue"
"PLXNA2","turquoise"
"CYBRD1","turquoise"
"COX7A2","red"
"GYPC","turquoise"
"PLTP","red"
"HS2ST1","brown"
"ATXN7","black"
"TLK1","blue"
"KCNN4","turquoise"
"SDPR","blue"
"FDFT1","blue"
"ARPC4 ","green"
"CAV1","blue"
"HAS2","turquoise"
"EIF1AX","red"
"HERC2P2 ","black"
"KCNJ15","red"
"RNF38","blue"
"SOCS5","green"
"ALMS1","black"
"PRKD2","turquoise"
"RAI2","blue"
"TNPO1","grey"
"SMYD2","brown"
"TOB2","turquoise"
"NUP62","turquoise"
"ZCCHC8","yellow"
"DNAJB4","blue"
"OSTF1","turquoise"
"PIK3CA","blue"
"WIPI1","brown"
"ANGEL2","brown"
"LYST","blue"
"NR4A3","brown"
"GPR137B","turquoise"
"WTAP","red"
"CLEC4A","turquoise"
"CDCP1","pink"
"MICU2","yellow"
"SLC7A1","red"
"MYLIP","blue"
"SLCO2A1","grey"
"NQO1","turquoise"
"GRB10","blue"
"MGEA5","blue"
"DOK2","turquoise"
"ITGB5","red"
"KLF6","greenyellow"
"CTSF","blue"
"SAMD9","turquoise"
"OAS1","turquoise"
"FHL5","blue"
"GTF2IRD1","turquoise"
"CCDC85B","blue"
"CCZ1B","black"
"ITGB7","turquoise"
"HNRNPF","brown"
"FUS","blue"
"IRF7","turquoise"
"NXF1","greenyellow"
"GTF2H2B","black"
"ACTN1","grey"
"NLRP3","turquoise"
"STEAP3","turquoise"
"ALG6","brown"
"EVL","turquoise"
"GPR171","turquoise"
"AKR1B10","pink"
"SNCA","grey"
"FLJ42627","black"
"DENND1C","turquoise"
"SPOCK2","turquoise"
"DAAM1","blue"
"AHDC1","purple"
"NXN","blue"
"NEK7","yellow"
"HIPK1","green"
"TNS1","blue"
"HNRNPUL2","brown"
"SNRPG","purple"
"GVINP1","turquoise"
"VEGFA","brown"
"PITPNC1","purple"
"PECAM1","brown"
"GRN","turquoise"
"ADAM9","turquoise"
"FSCN1","magenta"
"ADA","turquoise"
"STXBP6","blue"
"CUTC","pink"
"LAMC1","blue"
"NPAS2","turquoise"
"CCNG2","blue"
"LIMCH1","blue"
"AP1G2","turquoise"
"ISCA1","yellow"
"ABCG1","pink"
"LMO3","pink"
"CFH ","blue"
"MAPK10","pink"
"EFHC1","brown"
"JUP","purple"
"PLXNB2","red"
"FUT4","turquoise"
"GLT8D2","red"
"VAT1","red"
"LSM5","yellow"
"CHST11","blue"
"BID","blue"
"RCN3","red"
"MAP1S","turquoise"
"GMCL1","blue"
"SLMO2","yellow"
"PTOV1","purple"
"MAK16","red"
"GRB2","turquoise"
"HLA-F-AS1","yellow"
"RCC1","brown"
"PSIP1","blue"
"SEMA4C","turquoise"
"PHACTR2","red"
"TPK1","brown"
"MFHAS1","blue"
"XPO1","brown"
"SAMD4A","turquoise"
"C1RL","blue"
"TSNAX","yellow"
"IGF2BP2","brown"
"CSF2RA","turquoise"
"SPG20","yellow"
"LHX6","blue"
"SUSD5","blue"
"CD1D","turquoise"
"CLIC2","brown"
"GABRB1","grey"
"BOP1 ","blue"
"INTS8","brown"
"SLC3A2","brown"
"BIN1","brown"
"DYRK2","magenta"
"TSPYL2","greenyellow"
"MRC2","magenta"
"TRIM22","brown"
"ST3GAL5","green"
"PIR","blue"
"PPP1R2","yellow"
"ANKRD46","yellow"
"AAMP","brown"
"CASQ2","blue"
"SRSF1","red"
"LONRF1","black"
"CD248","red"
"SECISBP2L","yellow"
"BLOC1S1-RDH5 ","pink"
"PHIP","blue"
"PIKFYVE","yellow"
"PUS7","red"
"GALNT12","turquoise"
"MCL1","greenyellow"
"HEY1","blue"
"KIAA0907","yellow"
"IL4R","blue"
"CKLF","turquoise"
"NRG1","green"
"HLA-F","turquoise"
"CTGF","grey"
"RANBP2","turquoise"
"ANXA4","red"
"PTGS1","turquoise"
"SCT","green"
"MKRN4P ","black"
"RASIP1","blue"
"PRKD3","yellow"
"TMPO","brown"
"SSBP2","blue"
"TMEM8A","turquoise"
"LCAT","black"
"TBC1D2","turquoise"
"TBXAS1","turquoise"
"BACE2","yellow"
"FOLR2","turquoise"
"CFP","turquoise"
"AKAP13","greenyellow"
"MAP3K8","red"
"B4GALT5","brown"
"BAX","green"
"SPAG16","blue"
"TPRKB","red"
"CDC37L1","yellow"
"CHORDC1","red"
"RMI1","turquoise"
"CDC73","green"
"CALD1","blue"
"LILRA6","blue"
"STX11","blue"
"RALGAPA1 ","yellow"
"CDC42EP3","turquoise"
"ID3","grey"
"FBXO38","yellow"
"CYTL1","grey"
"LOC101927458 ","blue"
"SBNO2","brown"
"DENND4C","blue"
"ABCA5","pink"
"BRD2","brown"
"ARMCX2","red"
"ATP2B4","red"
"NDFIP1","blue"
"STRA6","green"
"ABCC4","turquoise"
"FEM1B","green"
"RENBP","yellow"
"BICD2","green"
"TUFT1","turquoise"
"TACC3","turquoise"
"CD1C","turquoise"
"STXBP2","turquoise"
"LPGAT1","yellow"
"STRN3","yellow"
"MKL2","blue"
"PNP","red"
"TNFRSF11B","turquoise"
"NMB","pink"
"COL6A1","pink"
"ACTR6","yellow"
"GATA6","green"
"PRKX","turquoise"
"CLEC1A","green"
"CD79B","turquoise"
"TAF15","brown"
"ARNTL","magenta"
"TMEM30B","blue"
"TMEM260","pink"
"PGD","blue"
"GOLT1B","blue"
"YBX3","turquoise"
"RNF14","black"
"PLK3","brown"
"KDELR3","magenta"
"HNRNPH3","green"
"LOC101929272","turquoise"
"PARD3","turquoise"
"IFT57","red"
"LILRA2","grey"
"EIF4G1","brown"
"NT5C1B-RDH14 ","blue"
"CALCOCO1","turquoise"
"PHLDA2","red"
"LPP","blue"
"POLR1B","black"
"PID1","pink"
"PCOLCE","yellow"
"BARD1","brown"
"MAGI1","black"
"PTEN ","yellow"
"CCNG1","blue"
"POM121C","brown"
"SQLE","blue"
"SEPT8","magenta"
"P2RY6","turquoise"
"CPZ ","green"
"HNRNPDL","greenyellow"
"VASH1","magenta"
"SUB1","purple"
"ASPM","turquoise"
"DTX4","pink"
"SOGA1","black"
"HNRNPH1","red"
"PDE9A","turquoise"
"MYO10","yellow"
"TUBB3","red"
"TMEM33","red"
"ARHGAP1","red"
"DMXL1","brown"
"TNFSF14","blue"
"GGT5","purple"
"SYNJ2","pink"
"SEC24D","yellow"
"CPB1","blue"
"PROS1","turquoise"
"FKSG49","black"
"COL8A2","grey"
"ZMAT3","brown"
"RABGGTB ","red"
"ACO1","pink"
"CSF1","turquoise"
"SNX7","blue"
"MRC1","brown"
"SCAF11","brown"
"BAG2","yellow"
"SGCD","red"
"USP36","brown"
"NRIP1","yellow"
"DSE","yellow"
"DHX40","blue"
"SIX1","purple"
"IL18","turquoise"
"SRSF10","brown"
"ZNF292","blue"
"FNBP4","black"
"ALDH3A2","purple"
"PC","pink"
"TNKS2","black"
"UTRN","turquoise"
"MAP2K7","green"
"TRPC1","blue"
"HYOU1","blue"
"ARPC5L","blue"
"CNIH4","yellow"
"ADAM8","blue"
"BMP6","red"
"CEP55","turquoise"
"MAPK8IP2","green"
"RASGRP3","brown"
"MIR1304 ","red"
"RRN3","yellow"
"MMP2","magenta"
"CRYZL1","blue"
"CENPF","turquoise"
"TMEM140","brown"
"LMNB1","blue"
"AFF1","pink"
"CTPS1","red"
"TRAF1","turquoise"
"EOGT","green"
"FBXO17","turquoise"
"MIR1292 ","brown"
"MTDH","green"
"AVL9","brown"
"KIF4A","turquoise"
"METTL18","brown"
"SEPT11","blue"
"HSPB1","purple"
"MIR6125 ","green"
"CCT6A","red"
"FBN1","magenta"
"ASUN","purple"
"CNOT8","pink"
"PDLIM2","red"
"HLTF","brown"
"ALCAM","turquoise"
"ASAP2","yellow"
"CD93","grey"
"PPP1R16B","turquoise"
"GPR125","turquoise"
"TIMP3","turquoise"
"CSAD","pink"
"RHOF","turquoise"
"CKAP2","brown"
"NGFR","grey"
"DFNA5","red"
"PDGFC","brown"
"RNF34","brown"
"INSR","turquoise"
"HSPE1","red"
"AF007147","black"
"A4GALT","yellow"
"ASNS","red"
"RHBDF2","blue"
"TAOK3","brown"
"PHF3","blue"
"DAB2 ","yellow"
"FASTKD3","yellow"
"RNF138","yellow"
"ARHGEF18","turquoise"
"ELK3","yellow"
"SLAMF7","turquoise"
"NPFF","black"
"ACSM5","blue"
"ST8SIA4","turquoise"
"WAPAL","green"
"ECT2","brown"
"NFAT5","brown"
"TMEM123","yellow"
"UHRF1BP1L","yellow"
"ITGB8","greenyellow"
"SIRT1","yellow"
"TNFSF13","turquoise"
"SACS","yellow"
"SFTPC","green"
"ZFHX4","blue"
"PRKCA","green"
"RGPD3 ","turquoise"
"WWP1","brown"
"CD46","green"
"GLI3","red"
"SLC15A3","turquoise"
"LAMP5","turquoise"
"ADCY3","turquoise"
"SDC2","grey"
"CD9","grey"
"TP53I3","magenta"
"NAB1","yellow"
"ANKRD10","brown"
"LOC100288570","turquoise"
"KAT2B","brown"
"IGFBP7","blue"
"WLS","blue"
"PLA2G4C","turquoise"
"ABHD2","magenta"
"C17orf62","turquoise"
"FZD2","turquoise"
"TBL1XR1","brown"
"CCNC","yellow"
"HIBCH","brown"
"RP3-522P13.2","green"
"BASP1","pink"
"FAM60A","turquoise"
"LITAF","blue"
"NINJ1","yellow"
"VDR","pink"
"RSL24D1","yellow"
"NFATC1","grey"
"RAB21","yellow"
"SND1-IT1","black"
"JADE2","brown"
"TNFSF12-TNFSF13 ","turquoise"
"TIA1","brown"
"RRP9","brown"
"LOC100996517 ","brown"
"BCL11B","turquoise"
"HSPA5","red"
"CMKLR1","turquoise"
"TBPL1","yellow"
"TXLNGY","greenyellow"
"MCUR1","brown"
"SEC24B","yellow"
"PGRMC2","yellow"
"SPATA5L1","yellow"
"VPS13C","yellow"
"ABCC3","green"
"CDH15","green"
"PAPOLG","brown"
"GIMAP1-GIMAP5 ","turquoise"
"ECHDC3","pink"
"KIAA0226L","blue"
"RFK","yellow"
"MMP11","magenta"
"FGFR1","brown"
"GNG11","blue"
"PNPLA6","yellow"
"TRAT1","turquoise"
"DLEU1","green"
"WDR91","green"
"GPR126","blue"
"TECR","red"
"TVP23B","yellow"
"SH3YL1","brown"
"TRPM4","red"
"CPOX","brown"
"AASDHPPT","yellow"
"FAM46A","turquoise"
"FLNB","turquoise"
"DMD","blue"
"ZDHHC11 ","turquoise"
"SLC35E2 ","brown"
"GALNT10","turquoise"
"ZNF331","greenyellow"
"TUBGCP3","yellow"
"GATA3","turquoise"
"KPNA4","yellow"
"TRMT61B","brown"
"KLHL3","black"
"LPPR4","magenta"
"TRHDE","turquoise"
"CSPG4","turquoise"
"CITED2","blue"
"MAP4K4","pink"
"LOC101929857 ","turquoise"
"COBL","turquoise"
"EIF1AY","greenyellow"
"LSP1","green"
"OSBPL11","brown"
"BCL2L13","yellow"
"PSTPIP1","turquoise"
"IRS1","blue"
"CASP4","purple"
"MARC1","pink"
"WISP1","pink"
"WDR3","red"
"CHD9","blue"
"PTCRA","brown"
"FRAT1","brown"
"LEPROT","purple"
"TMEM194A","brown"
"CDC20","turquoise"
"PRKCD","yellow"
"BPGM","brown"
"DDX11 ","black"
"WDR19","blue"
"CTBS","turquoise"
"TLR5","red"
"RANBP9","yellow"
"DUSP2","greenyellow"
"CAPZA1","purple"
"STAM","yellow"
"HIF1A","red"
"KDM6A","blue"
"LAMA5","turquoise"
"TM6SF1","turquoise"
"KDSR","yellow"
"CHD1","red"
"TOX","turquoise"
"FHOD1","yellow"
"AK4 ","brown"
"HEPH","blue"
"ALDH2","grey"
"PLSCR1","blue"
"MAP4K5","yellow"
"IRF5","turquoise"
"GTF2E1","brown"
"N4BP2L1","blue"
"SOD3","grey"
"GLOD4","turquoise"
"PLAGL1","turquoise"
"NIPA2","turquoise"
"SNX24","turquoise"
"ZNF14","brown"
"FAM105A","turquoise"
"KLHL21","turquoise"
"RPA1","brown"
"SGCB","blue"
"TMEM185B","red"
"SLC2A10","red"
"LDLRAD4","black"
"APOBEC3C","turquoise"
"NOL3","turquoise"
"PDIA4","turquoise"
"SNRPD1","red"
"INPP4B","black"
"GSTA4","blue"
"LIMK2","pink"
"S1PR1","green"
"TMEM187","brown"
"FNDC4","brown"
"CAMSAP2","blue"
"PLXNA1","pink"
"MYBL1","turquoise"
"NPDC1","blue"
"ST5","purple"
"NRP1","magenta"
"CYB5A","pink"
"ATP6V1G2-DDX39B ","black"
"RCOR3","blue"
"NETO2","purple"
"FYN","blue"
"ISOC1","green"
"PEX2","brown"
"IL6R","brown"
"TPBG","blue"
"FAM63B","blue"
"STAG2","blue"
"H3F3A","brown"
"STARD13","blue"
"TRPM2","yellow"
"SLC25A32","red"
"ATP6V1C1","yellow"
"TTC9","turquoise"
"PRRG1","yellow"
"MT1H","magenta"
"PRPF4B","yellow"
"GJA4","turquoise"
"GPNMB","turquoise"
"INPP5A","blue"
"LAX1","turquoise"
"WDR43","red"
"WISP3","turquoise"
"CREM","red"
"MALT1","turquoise"
"ANG","pink"
"DDX21","red"
"ARHGAP12","blue"
"ASCC3","green"
"ZFAND1","yellow"
"PLEKHA4","yellow"
"TRAF3IP2","magenta"
"TMEM106B","brown"
"CISH","grey"
"KAT6B","blue"
"IL7","turquoise"
"MRPS30","red"
"HMGA1","blue"
"ARHGAP4","turquoise"
"HEBP2","pink"
"CALML4","turquoise"
"PTRF","blue"
"COL11A1","magenta"
"SNAPC1","red"
"GMIP","turquoise"
"SNCAIP","blue"
"INSIG1","red"
"ATN1","brown"
"HDGFRP3","turquoise"
"PMP22","turquoise"
"ADARB1","blue"
"SERPINA5","turquoise"
"BBS10","blue"
"DIO3","brown"
"IRF2","turquoise"
"SKAP1","turquoise"
"ZNF593","red"
"HPS5","turquoise"
"HSPB11","brown"
"CNN2","turquoise"
"MATK","yellow"
"ZNF12","yellow"
"NCKAP1","yellow"
"GNE","magenta"
"EIF5B","red"
"EVI2A","turquoise"
"RAB31","turquoise"
"TUBB6","red"
"ALDH6A1","blue"
"PLA1A","green"
"NTAN1","brown"
"EVX1","green"
"LHFPL2","turquoise"
"CAPN7","blue"
"IL15RA","turquoise"
"VCAN","grey"
"CDA","brown"
"RSL1D1","red"
"BIRC7","green"
"RBM6","black"
"MAGI2","turquoise"
"EFR3A","yellow"
"TUBB2A","red"
"PPDPF","red"
"TBC1D17","purple"
"AIDA","green"
"SPIB","turquoise"
"HNRNPA1","turquoise"
"GNAL","turquoise"
"ZNF205","green"
"WDR11","yellow"
"PIGA","magenta"
"POT1","blue"
"PLOD1","yellow"
"SH2B2","blue"
"TES","brown"
"COLGALT1","yellow"
"PSD3","brown"
"CTDSPL","blue"
"FZD4","blue"
"NACC2","yellow"
"G3BP2","yellow"
"PIK3IP1","red"
"RECQL","yellow"
"TXN","blue"
"BNIP3L","yellow"
"AGAP11 ","black"
"UCHL5","yellow"
"UPP1","brown"
"AP1S2","turquoise"
"ORC5","brown"
"AGRN","red"
"MAT2A","greenyellow"
"ZBTB38","green"
"ITGAL","turquoise"
"LINC00597","black"
"EXTL2","blue"
"PDE4D","turquoise"
"RRAD","turquoise"
"CD99","yellow"
"TFAM","green"
"UBXN4","grey"
"FBXO28","yellow"
"P2RX5","turquoise"
"SCRN1","red"
"WSB2","turquoise"
"ROCK2","green"
"C8orf60","black"
"TNIP1","turquoise"
"KCNK1","turquoise"
"UBA2","yellow"
"RNF146","blue"
"KIAA0922","turquoise"
"LOC100129518 ","blue"
"L1TD1","green"
"STK38","turquoise"
"CHKA","brown"
"TMBIM4","yellow"
"NUP50","yellow"
"ECE1","turquoise"
"CUL4B","blue"
"SLC30A1","brown"
"EPN1","green"
"EPS8","blue"
"CORO7","yellow"
"LOC101060181 ","black"
"TMED3","turquoise"
"EMP2","blue"
"RAB40B","blue"
"CLOCK","green"
"TIMM17A","red"
"NUP153","yellow"
"PSMD14","blue"
"NME1","blue"
"DUSP4","pink"
"GLRX","magenta"
"BMI1 ","yellow"
"LY9","turquoise"
"GPX7","magenta"
"KDM3A","blue"
"RPN2","turquoise"
"H2AFX","blue"
"PTEN","yellow"
"USP32 ","green"
"BUB1B","turquoise"
"MCOLN1","green"
"MYO1B","grey"
"TXNIP","blue"
"DAPK1","red"
"SMTN","turquoise"
"ZNF365","grey"
"APLP2","green"
"DAG1","blue"
"PKIG","turquoise"
"MTO1","brown"
"ATRX","blue"
"B3GNT2","black"
"DCHS1","magenta"
"TOMM40","blue"
"TMEM165","red"
"JADE1","pink"
"ATP2B1","green"
"RAPGEF1","green"
"FBXW2","brown"
"ZNF271","yellow"
"AVPI1","blue"
"SCP2","brown"
"LGR4","pink"
"EHBP1","blue"
"SGSH","red"
"SNTA1","turquoise"
"CCNB1IP1","pink"
"SPTSSA","yellow"
"ARVCF","green"
"AP5M1","brown"
"FLNA","yellow"
"DPY30 ","purple"
"AGGF1","brown"
"RORA","yellow"
"FAM13A","blue"
"ADAMTS3","grey"
"MTRR","red"
"GOLPH3L","blue"
"TOP1","red"
"IFFO1","red"
"RPL27A","yellow"
"SSBP1","yellow"
"MILR1","turquoise"
"FKBP1B","blue"
"DOK1","yellow"
"FAM8A1","blue"
"MGAT4A","turquoise"
"SP3","yellow"
"PDGFRA","blue"
"MAN1A2","brown"
"DCAF7","brown"
"ATP2A2","blue"
"TCN2","turquoise"
"NMT2","blue"
"SORBS3","purple"
"RYBP","red"
"SMAD1","blue"
"FGD2","black"
"RAP2A","red"
"SEMA3C","turquoise"
"DGKA","turquoise"
"MAB21L1 ","blue"
"NCRNA00185 ","greenyellow"
"CCPG1 ","brown"
"H2AFV","yellow"
"ADCY1","green"
"SH2D2A","turquoise"
"ARL4D","purple"
"SERBP1","red"
"PLXNA3","green"
"SMC3","yellow"
"BBC3 ","green"
"TOP2A","turquoise"
"GLB1 ","turquoise"
"FAM49B","turquoise"
"G3BP1","red"
"CERK","turquoise"
"APPL1","yellow"
"PKM","yellow"
"MEIS3P1","turquoise"
"ERI2","brown"
"TOM1L1","blue"
"PLCH2","green"
"BATF3","red"
"SP140L","turquoise"
"CDC25B","red"
"PARD6A","green"
"STX6","green"
"LOC100996756","turquoise"
"USP12","yellow"
"PTER","brown"
"PGM3","yellow"
"CHST3","brown"
"TSPAN15","green"
"PINK1","purple"
"LIMD2","turquoise"
"TUBB2A ","brown"
"DERA","brown"
"LOC101930075 ","black"
"FAR2","brown"
"GNG10","purple"
"TAF2","red"
"KIN","yellow"
"DLG4","green"
"BAG3","turquoise"
"GNA14","green"
"QKI","yellow"
"CD82","yellow"
"SREK1","red"
"COMMD10","brown"
"VWA5A","red"
"VARS","brown"
"PIGV","brown"
"CD58","turquoise"
"GLYAT","green"
"CCDC88A","turquoise"
"NR3C2","blue"
"CISD1","blue"
"CAAP1","green"
"CTR9","yellow"
"EPM2AIP1","yellow"
"CARD10","green"
"SOX4","black"
"LOC101930112 ","black"
"CRTAM","turquoise"
"SLC47A1","turquoise"
"TCL1A","turquoise"
"GYG2","pink"
"COMT","turquoise"
"SCPEP1","turquoise"
"NGFRAP1","red"
"EMC2","yellow"
"CHST7","blue"
"HTRA1","turquoise"
"MSMO1","green"
"ZNF587B","purple"
"RPRD1A","green"
"HOXA5","blue"
"UBXN7","blue"
"FAM110B","turquoise"
"KAZN","brown"
"PPP2R5C","brown"
"SLTM","yellow"
"ZBTB11","yellow"
"ITGB4","blue"
"GPR176","magenta"
"EDEM2","blue"
"HDAC7","green"
"PDXK","turquoise"
"SLC39A7","green"
"GSTM1","green"
"OSER1","pink"
"PLEC","yellow"
"FXYD6","green"
"MIR6787 ","blue"
"NFYB","yellow"
"MAP3K12","purple"
"TBC1D16","pink"
"IFT122 ","turquoise"
"DBP","magenta"
"ARSA","turquoise"
"SLC23A2","black"
"TOR4A","black"
"CMTM6","turquoise"
"SEPT10","yellow"
"ARHGAP22","yellow"
"TOR3A","turquoise"
"KCNS3","green"
"PRKX ","pink"
"MORC3","yellow"
"ALDH3B1","green"
"BCLAF1","yellow"
"COPS2","yellow"
"ZNF91","green"
"PKN2","green"
"CCBL2","yellow"
"CES1P1","green"
"DYNC2H1","blue"
"HSPA8 ","red"
"SMCHD1","green"
"PPP2R3C","yellow"
"DNMBP","turquoise"
"KYNU","turquoise"
"POP5","brown"
"RNFT1 ","grey"
"ARPIN","green"
"ACBD3","yellow"
"CCNA2","turquoise"
"CBX7","blue"
"ARID4B","yellow"
"NDUFA5","yellow"
"SRRM2","black"
"CHST12","purple"
"HHEX","brown"
"GTPBP4","red"
"ETFB","pink"
"LOC732360 ","black"
"ZDHHC17","yellow"
"SPTBN1","blue"
"PLA2G2A","magenta"
"CDKN2C","green"
"ZFR","yellow"
"DDIT3","turquoise"
"CPSF6","yellow"
"SAA1 ","green"
"SELPLG","turquoise"
"HIGD1A","yellow"
"ZNF266","grey"
"APBB1IP","green"
"GPR1","turquoise"
"LINC00341 ","blue"
"DSERG1","black"
"SAMHD1","red"
"DHCR24","pink"
"DCXR","pink"
"IBTK","yellow"
"THSD7A","blue"
"DUSP7","yellow"
"SF1","brown"
"CBY1","blue"
"FKBP2","yellow"
"TP53","black"
"IGH","green"
"MSX2","turquoise"
"SNN","turquoise"
"SLC26A2","grey"
"CORO1B","turquoise"
"SIRPG","turquoise"
"MYOF","magenta"
"RABGAP1L","blue"
"PTK2","blue"
"AUH","blue"
"CAT","blue"
"NELL2","turquoise"
"PLEKHO2","turquoise"
"NXT1","red"
"GCOM1 ","blue"
"CD151","purple"
"ESRRA","green"
"STARD3","green"
"FBXL5","yellow"
"AKR1A1","turquoise"
"SQRDL","turquoise"
"MARCH2","turquoise"
"ATP8B4","brown"
"VRK1","brown"
"PCNA","turquoise"
"HAUS3","brown"
"MARK2","green"
"SCNN1A","green"
"AR","pink"
"SPDYE2","black"
"WBP4","yellow"
"TNFRSF14","green"
"STXBP3","yellow"
"HSD17B14","green"
"AP2S1","turquoise"
"CHERP","yellow"
"ARPC3","turquoise"
"RFC4","brown"
"LPIN1","pink"
"CROCCP2","brown"
"MCM6","green"
"BCL10","yellow"
"PHC2","brown"
"CRNKL1","green"
"NUDT21","black"
"LOC101928625 ","yellow"
"SLC25A4","pink"
"PIP5K1B","brown"
"DYNLT3","pink"
"SLC35A1","blue"
"SMAD7","turquoise"
"CHPF","yellow"
"INTS6","green"
"RIPK2","turquoise"
"ABCC5","black"
"CTNNAL1","yellow"
"MAPK8IP3","black"
"ATG3","yellow"
"SVIL","turquoise"
"PFDN4","yellow"
"EED","brown"
"KARS","red"
"LOC101928143 ","yellow"
"BDH2","turquoise"
"SIGLEC1","turquoise"
"PARVA","pink"
"CD163","turquoise"
"PIGF","brown"
"PTPN1","blue"
"NUCB1","red"
"S100A3","grey"
"RMDN1","brown"
"FAM98A","purple"
"PSMA4","yellow"
"AKAP9","blue"
"SH3PXD2A","green"
"ATIC","black"
"H2AFJ","blue"
"DLAT","green"
"SLC9A5","brown"
"ERLIN2","blue"
"WDR7","brown"
"BIN3-IT1","black"
"TLN1","yellow"
"MSX1","red"
"ERG","blue"
"CAMLG","blue"
"CYTH1","green"
"AGAP1","blue"
"PLXDC2","green"
"TBC1D4","brown"
"UBE2G2","brown"
"DCLRE1C","black"
"MAN2C1","black"
"FAM117A","brown"
"MOXD1","turquoise"
"YWHAH","turquoise"
"CDC42BPB","yellow"
"KCNK2","brown"
"UBA3","yellow"
"BACH2","black"
"GPC1","brown"
"GFRA2","blue"
"STIP1","blue"
"IFI44","brown"
"TBC1D12","blue"
"TDRD7","brown"
"HBG1 ","turquoise"
"GM2A","turquoise"
"RNASE1","turquoise"
"TSPO","turquoise"
"Y16709","turquoise"
"CAPN15","brown"
"RNF19A","green"
"EYA2","pink"
"CIT ","green"
"HOXD1","green"
"PFKM","blue"
"HMGN3","brown"
"AQP7 ","pink"
"SERPINB1","turquoise"
"SYNJ1","yellow"
"KTN1","yellow"
"CERS6","brown"
"ATP13A3","purple"
"OGFOD1","green"
"DNAJC4","green"
"WDR5B","brown"
"LILRB3","blue"
"CDK5RAP3","black"
"CARD8","black"
"MLLT11","turquoise"
"VNN1","turquoise"
"PDZRN3","brown"
"PDCD1","green"
"TMEM242","green"
"MCFD2","yellow"
"ICE2","brown"
"PRKCDBP","magenta"
"C6orf48","pink"
"ZNF544","brown"
"PPP2R5A","blue"
"PFN2","blue"
"PSD4","turquoise"
"SH3TC1","yellow"
"GCLC","green"
"S100PBP","brown"
"PLCL2","brown"
"FOXN3","red"
"SUCLG2","brown"
"ENPP2","grey"
"CHD3","yellow"
"CEP192","brown"
"SLC38A2","grey"
"PSTPIP2","turquoise"
"TMX1","yellow"
"LEF1","yellow"
"ASPH","magenta"
"CACNA1I","green"
"LGALS3BP","yellow"
"DUSP14","grey"
"HEG1","magenta"
"ZC3HAV1","turquoise"
"SELT","turquoise"
"ZNF451","blue"
"FCGBP","turquoise"
"PTAFR","pink"
"CD302 ","blue"
"LDOC1","blue"
"KLF13","purple"
"SOS2","yellow"
"ADPRM","blue"
"CNPY4","green"
"SLC4A1AP","brown"
"UEVLD","black"
"LOC100996792 ","blue"
"ALDH1L1","pink"
"RASA1","brown"
"TMEM230","black"
"ITGAV","yellow"
"ALAS1","turquoise"
"ADCY9","blue"
"FGF7","pink"
"VPS37B","green"
"ABCA3","purple"
"NRGN","turquoise"
"TRIM29","green"
"MID1IP1","blue"
"HCLS1","turquoise"
"ILF2","red"
"RPS11","grey"
"EZH1","blue"
"PPA1","red"
"THAP1","brown"
"RBFOX2","blue"
"POLG","green"
"ZFC3H1","yellow"
"YIPF5","black"
"MXRA7","turquoise"
"PPM1D","blue"
"ARHGAP33","black"
"LRRFIP2","turquoise"
"DDX3Y","greenyellow"
"KCND3","turquoise"
"PDK1","turquoise"
"CDC42EP2","brown"
"FAM179B","yellow"
"PDE3B","green"
"LOC101930405","turquoise"
"B3GNT1","blue"
"AASS","pink"
"ATP6V1A","turquoise"
"EIF3M","red"
"ARL4C","turquoise"
"TIMP1","turquoise"
"TMC6","turquoise"
"ZNF200","brown"
"MED13L","brown"
"ADRBK2","turquoise"
"KLHDC2","blue"
"PCGF3","brown"
"DIAPH1","turquoise"
"ZNF432","yellow"
"STK39","blue"
"FANCF","brown"
"SIGLEC9","blue"
"OR2A20P ","brown"
"UBR2","green"
"PREPL","blue"
"DBT","black"
"CR1","blue"
"SKP2","brown"
"TRIM17","green"
"FIS1","purple"
"FXYD2 ","green"
"VPS13A","blue"
"MIR3658 ","red"
"ACVR1B","turquoise"
"SPEN","turquoise"
"GAL","brown"
"NUMA1","purple"
"ZC3H7A","blue"
"PSMC6","yellow"
"NOP16","red"
"FLNC","turquoise"
"KIF20A","turquoise"
"MYO1E","grey"
"CAPRIN2","brown"
"DUSP8 ","greenyellow"
"ADH5","blue"
"LYRM1","green"
"ANKMY2","red"
"LACTB2","brown"
"NRP2","turquoise"
"TFB2M","red"
"CCDC25","black"
"MPDZ","blue"
"JUND","greenyellow"
"WFDC1","black"
"FAM124B","blue"
"TTC37","brown"
"FAM171A1","magenta"
"PLCB1","turquoise"
"GDE1","black"
"SSBP3","yellow"
"CHIC2","green"
"RBM15","yellow"
"DNMT1","turquoise"
"CAND2","blue"
"MIR6716 ","turquoise"
"MIR5193 ","red"
"CSNK1G3","black"
"TNFSF11","turquoise"
"PSMA3","blue"
"ZNF217","yellow"
"CLEC2B","turquoise"
"ZBTB44","green"
"PDLIM5","pink"
"ADAM10","brown"
"NBN","green"
"NEMF","yellow"
"ZCCHC24","blue"
"KIAA1033","brown"
"DHX9","green"
"PANX1","red"
"FOSL1","red"
"ACSL3","yellow"
"CYP11A1","turquoise"
"SSR1","yellow"
"RIT1","turquoise"
"CSRP1","blue"
"PPFIA1","yellow"
"M6PR ","turquoise"
"EMP3","turquoise"
"LANCL1","blue"
"COA3","green"
"DST","turquoise"
"NMD3","red"
"VKORC1","yellow"
"GLCE","blue"
"DESI2","brown"
"TAB2","black"
"KIAA0100","yellow"
"KLF5","turquoise"
"C1orf174","yellow"
"FAM114A1","red"
"IRF6","green"
"ARPC2","turquoise"
"CTSG","brown"
"PAIP1","yellow"
"PDE8A","brown"
"IFI35","turquoise"
"UBE2B","yellow"
"ZZZ3","yellow"
"ACHE","green"
"KIF2A","turquoise"
"KCTD3","yellow"
"C1QBP","red"
"IDH1","brown"
"CDK17","yellow"
"LOC102725198 ","red"
"HERC1","brown"
"ST3GAL1","brown"
"WDFY3","yellow"
"PTPN12","green"
"DERL1","turquoise"
"COX17 ","black"
"TTTY15","greenyellow"
"LRCH4 ","black"
"DBN1","blue"
"LSG1","red"
"BCAT1","turquoise"
"LRRC1","blue"
"TGFBI","pink"
"ARPC4","yellow"
"UBE2A","turquoise"
"TCEAL2","pink"
"RERE","blue"
"EI24","green"
"UCHL1","turquoise"
"SEL1L","turquoise"
"SLC46A3","red"
"LOC100129361","yellow"
"YTHDF2","yellow"
"ALPK1","black"
"RNASE6","turquoise"
"ITGAX","blue"
"DBET ","green"
"MMP19","blue"
"PSME1","turquoise"
"RETSAT","pink"
"PTPN21","turquoise"
"NR3C1","brown"
"BLVRA","turquoise"
"C17orf59","green"
"PAXBP1","yellow"
"UCHL3","blue"
"C1D","yellow"
"ZNF232","blue"
"PNMA1","green"
"TAOK2","green"
"CARD9 ","yellow"
"CD70","turquoise"
"CTSA","yellow"
"ZNF45","brown"
"CLCF1","brown"
"ACOT1 ","pink"
"AGPAT2","pink"
"KAT2A","black"
"KCTD12","yellow"
"IFNGR1","red"
"SORT1","blue"
"USP48","brown"
"GPR56","turquoise"
"ROR1","brown"
"EHBP1L1","green"
"DMPK","green"
"NRAS","turquoise"
"MCM4","yellow"
"TAGLN2","pink"
"USP18","green"
"SMC1A","yellow"
"NRIP2","purple"
"WDR47","yellow"
"MCM2","turquoise"
"ADK","black"
"URB2","red"
"BET1","brown"
"MCF2L","turquoise"
"NHLRC2","yellow"
"EPHB4","green"
"CADM3","black"
"CCDC109B","turquoise"
"MRPL20","red"
"RNF219","yellow"
"COPS8","yellow"
"LIMS2","blue"
"MST4","brown"
"CYCS","blue"
"CTCF","brown"
"MKNK1","pink"
"ZBTB14","brown"
"SLC27A3","red"
"CYP51A1 ","red"
"LGALS1","magenta"
"SPARCL1","turquoise"
"RPL26L1","purple"
"CLSTN3","green"
"PLXND1","red"
"CEBPG","yellow"
"CFDP1","blue"
"BSG","green"
"MFNG","turquoise"
"TPX2","turquoise"
"PARP8","turquoise"
"PTPRM","blue"
"RAI14","pink"
"TMEM38B","yellow"
"FEN1","turquoise"
"STAC","turquoise"
"CCDC88C","turquoise"
"AC074212.6","green"
"SOX13","turquoise"
"NPY1R","pink"
"LETMD1","blue"
"DFFB","turquoise"
"SCAMP2","yellow"
"TIAM1","turquoise"
"PKP4","yellow"
"LY6E","turquoise"
"HDAC1","brown"
"CASK","brown"
"CAPZB","magenta"
"PPID","yellow"
"TSC22D4","green"
"PIK3R5","blue"
"MKI67","turquoise"
"PSEN1","brown"
"HIRA","red"
"PCDH17","magenta"
"RYR1","turquoise"
"MINOS1P1","black"
"ADAP1","turquoise"
"RPL35A","turquoise"
"AHNAK","red"
"SMA4","black"
"PTK2B","turquoise"
"ABTB2","turquoise"
"LPAR1","blue"
"MPST","turquoise"
"C8orf33","red"
"CDKN2AIP","blue"
"ARMC1","green"
"TNRC6B","red"
"SPIN1","green"
"CPD","green"
"PNOC","turquoise"
"PTK7","green"
"FHOD3","turquoise"
"PCSK1","yellow"
"FBXL7","turquoise"
"ALDH1A2","green"
"LOC101928378","green"
"ZSWIM8","black"
"SRP19","purple"
"TMF1","brown"
"PPP2R4","yellow"
"STAMBP","brown"
"SENP6","yellow"
"GPR153","purple"
"FKBP14","purple"
"PRPS2","yellow"
"MATN4","green"
"NDRG1","turquoise"
"SEC61G","blue"
"ATG14","blue"
"RABAC1","turquoise"
"EIF3A","turquoise"
"FADS2","yellow"
"FSTL3","brown"
"SMAGP","turquoise"
"DDX5 ","black"
"MARCH7","yellow"
"MRPL13","green"
"GMFB","yellow"
"MAN1A1","pink"
"CDC7","brown"
"WDR6","red"
"SLC6A3","turquoise"
"GGT1 ","turquoise"
"TCF4","red"
"SIPA1L1","green"
"RGS10","turquoise"
"NUP210","turquoise"
"NOL8","purple"
"WASF2","red"
"HSPA4","turquoise"
"PRRC2C","red"
"PDIA3","turquoise"
"MAD1L1","red"
"LRCH4","turquoise"
"TRIM24","brown"
"PLD1","grey"
"HMBOX1","green"
"UBTF","green"
"TUBD1","brown"
"FGF13","pink"
"MYD88","turquoise"
"CGRRF1","yellow"
"TPST2","turquoise"
"UTP3","red"
"UBE2E3","blue"
"MEX3D","green"
"GPR144","green"
"SLC16A10","blue"
"BMP1","yellow"
"CCDC90B","brown"
"DISC1 ","turquoise"
"TM9SF3","yellow"
"ITGA10","turquoise"
"SAR1A","turquoise"
"RPA3","turquoise"
"TRIM34 ","brown"
"NDC80","turquoise"
"ATHL1","green"
"TMEM168","yellow"
"DHRS7","brown"
"AGFG1","red"
"MED15","green"
"ABCC6 ","turquoise"
"METRN","green"
"RABEP1","blue"
"ANKRD12","brown"
"ZMYND8","turquoise"
"KCNAB2","yellow"
"RPN1","turquoise"
"MAFG","turquoise"
"EIF4G3","green"
"MTIF2","brown"
"NBEA","blue"
"COL4A3BP","turquoise"
"ITGA5","brown"
"DNAJC15","turquoise"
"RAD21","yellow"
"PTPN13","blue"
"SEPW1","red"
"ZFYVE21","blue"
"MAPK13","turquoise"
"RBM7","yellow"
"VGLL3","blue"
"ABCB1","brown"
"DYNC1LI1","yellow"
"SSFA2","green"
"RGS19","turquoise"
"FAM21A ","red"
"CCDC22","red"
"ABCB1 ","brown"
"LOC440434","black"
"MRS2","brown"
"PIK3R4","brown"
"HMGN1","turquoise"
"GNB2","green"
"FAM178A","brown"
"SYNPO","red"
"THADA","green"
"ICAM2","black"
"GSE1","blue"
"Igk","turquoise"
"CST3","turquoise"
"DHX29","yellow"
"SLC35B1","blue"
"RNASEH2B","green"
"TCF3","turquoise"
"EIF4E2","turquoise"
"TASP1","yellow"
"PRR5","magenta"
"PBK","turquoise"
"MUC5AC","green"
"E2F5","turquoise"
"MET","grey"
"CYFIP1","turquoise"
"ARID4A","blue"
"MLXIPL","green"
"AP1B1","green"
"CAMKK2","grey"
"RYK","yellow"
"EMG1","red"
"KIFC3","green"
"NARF","turquoise"
"GSTO1","turquoise"
"MUT","blue"
"AKAP17A","black"
"REL","turquoise"
"NFKB2","yellow"
"SLC16A6","blue"
"RANBP3","green"
"SLC17A5","red"
"INTS3","black"
"MRPL23","red"
"STK3","yellow"
"BTG3","red"
"CASC3 ","turquoise"
"ZNF219","green"
"HERC6","brown"
"RHOG","pink"
"ABCD3","brown"
"STX4","yellow"
"KIF1B","red"
"ARMCX3","blue"
"CLIP1","red"
"HEXA","red"
"BRD7","brown"
"MRPL42","red"
"MELK","turquoise"
"BLM","turquoise"
"ABLIM3","blue"
"SFXN3","red"
"CGREF1","green"
"MTERF3","purple"
"SFTPB","green"
"JMJD6","red"
"CLPX","yellow"
"EREG","brown"
"IKBKAP","brown"
"SSSCA1","red"
"UAP1L1","yellow"
"SERINC5","grey"
"TGDS","green"
"MEIS1","blue"
"MAST4","blue"
"PRUNE2","red"
"UNC93B1","green"
"PTPLAD1","black"
"AZI2","yellow"
"TENM1","blue"
"RPF1","red"
"OSBPL9","blue"
"TMEM243","brown"
"PSG9","green"
"ZNF562","brown"
"COL9A2","turquoise"
"DEXI","turquoise"
"DCTN1 ","red"
"KNOP1","green"
"C18orf8","brown"
"NSUN5P1","black"
"COPB1","yellow"
"PRDX1","turquoise"
"MFAP3","magenta"
"SS18L1","yellow"
"S100B","pink"
"IGHD ","green"
"GJB1","brown"
"GLTSCR1L","blue"
"CDK14","pink"
"C16orf80","blue"
"ASCC1","blue"
"TRIM68","brown"
"NAGPA","turquoise"
"HERPUD1","purple"
"PIGH","grey"
"ZYX","blue"
"ABI1","yellow"
"MED6","grey"
"ATG2A","green"
"DKC1 ","red"
"B3GALNT1","black"
"FBL","red"
"MAGEF1","brown"
"ANKRA2","blue"
"ZNF148","red"
"GNPDA1","turquoise"
"SC5D","brown"
"ABHD5","yellow"
"ASB13","pink"
"NSL1","brown"
"SH3BP1","green"
"KIAA1644","brown"
"FAM21C ","red"
"RAP2C","brown"
"SYNE1","red"
"SMARCA2","red"
"ELOVL5","red"
"H6PD","turquoise"
"HPRT1","blue"
"ATP5G2","grey"
"ATP10B","green"
"PPP5C","brown"
"CTLA4","turquoise"
"NEU1","green"
"MRPS28","red"
"APBB2","blue"
"MPHOSPH10","red"
"PSMD3","brown"
"SIGLEC8","green"
"CPT1A","blue"
"CASP8AP2","blue"
"HIST1H4J","turquoise"
"KLF10","turquoise"
"PTPLA","pink"
"NMNAT2","blue"
"CRIPT","brown"
"MYO5A","turquoise"
"DEPTOR","blue"
"ATP10D","blue"
"STAG1","blue"
"OSBPL1A","blue"
"ZC3H15","red"
"PCTP","blue"
"COBLL1","blue"
"JAM3","turquoise"
"ITSN1","turquoise"
"NDN","blue"
"EBNA1BP2 ","red"
"NAA16","yellow"
"NT5C","green"
"PRKCI","grey"
"CERS4","green"
"AGPAT5","purple"
"BNIP2","yellow"
"FAM13B","yellow"
"LTC4S","green"
"DEF6","turquoise"
"S100A12","blue"
"LOC101929550","green"
"DCUN1D4","blue"
"RHOQ","yellow"
"HSDL2","blue"
"MUC8","green"
"ARHGEF7","blue"
"LSM1","purple"
"DNM3","blue"
"SNRNP70","black"
"GRIN1","green"
"GNLY","turquoise"
"AAK1","black"
"RACGAP1","turquoise"
"EDEM3","yellow"
"MLPH","turquoise"
"RAB20","turquoise"
"PHB","turquoise"
"BORA","turquoise"
"NAA15","red"
"TLE6","green"
"STAP1","turquoise"
"CHMP5","yellow"
"CREB1","turquoise"
"NOL7","red"
"MAPK6","turquoise"
"RP1-223E5.4 ","green"
"FADD","greenyellow"
"KLHL24","black"
"NCKIPSD","blue"
"SATB2","blue"
"ZNF358","purple"
"SAC3D1","brown"
"BAG5","brown"
"TST","pink"
"MTMR1","turquoise"
"RPS10P2 ","yellow"
"CGB ","green"
"JAG2","blue"
"LRRC40","black"
"PELI2","turquoise"
"FLCN","black"
"FBXO3","yellow"
"TRAM2","red"
"SCYL3","brown"
"SRPK1","purple"
"TLE2","turquoise"
"ST6GALNAC2","turquoise"
"CREB3L1","red"
"LOC101060521 ","red"
"MRPS33","brown"
"WDR44","blue"
"TEX264","red"
"PPP1R14B","blue"
"TUBB","yellow"
"PSPC1","yellow"
"GBA ","turquoise"
"PKD1P1","black"
"SMARCE1","yellow"
"ARC","brown"
"FDX1","grey"
"HSD17B11","blue"
"ACTG2","blue"
"CYB561D2","turquoise"
"TBCC","brown"
"ACTR3","turquoise"
"SLC11A2","grey"
"OGDH","green"
"RPL23 ","turquoise"
"PEX19","blue"
"MLXIP","black"
"LOC101929864 ","turquoise"
"FGF2","green"
"PMVK","green"
"LOC150776 ","black"
"CREBL2","brown"
"GLS","brown"
"ASPSCR1","green"
"PTPN22","blue"
"NUP43","brown"
"ENTPD4","yellow"
"CLSTN1","purple"
"CTSB","turquoise"
"NUDT4 ","yellow"
"SYNDIG1","turquoise"
"ZCCHC10","yellow"
"SMC6","brown"
"RNF130","turquoise"
"IL6ST","turquoise"
"PIGK","brown"
"GALC","red"
"WNT5A","turquoise"
"TMEM262","green"
"MBD4","green"
"IARS2","blue"
"AURKA","turquoise"
"CAST","blue"
"MGAT5","brown"
"TTC3 ","magenta"
"FAM3C","yellow"
"RAB40C","green"
"HOOK2","pink"
"KIAA0430","brown"
"USP3","yellow"
"LOC254896 ","green"
"GSDMD","yellow"
"POLE3","red"
"RWDD1","yellow"
"MINPP1","brown"
"AGPAT4","magenta"
"EVA1B","red"
"PDZD8","yellow"
"TMEM70","red"
"ARL2","turquoise"
"MPP1","turquoise"
"RHBDF1","turquoise"
"HERC2","blue"
"TRIM2","blue"
"GDPD5","purple"
"AKAP11","yellow"
"FAM49A","grey"
"LOC730101","turquoise"
"ZNF611","black"
"CDH13","green"
"HSP90AB1","turquoise"
"RAB9A","blue"
"ZMYM2","brown"
"PPP1R7","grey"
"CLN5","brown"
"MOAP1","blue"
"SEC63","yellow"
"TWF2","yellow"
"RNGTT","black"
"ARHGEF17","brown"
"SEC22B","turquoise"
"TERF1","blue"
"HS6ST1","brown"
"VRTN","green"
"TRMT1L","blue"
"RALA","turquoise"
"RLF","turquoise"
"PACSIN2","grey"
"CCND3","black"
"POLR1D","blue"
"SLC16A1","blue"
"KCTD17","green"
"NCOR1","brown"
"NDUFA3","turquoise"
"SELP","grey"
"ATF2","green"
"PRNP","grey"
"HMGN1 ","turquoise"
"HIST1H4A ","purple"
"ZNF787","green"
"DYNC1I1","turquoise"
"SSR3","purple"
"LZTFL1","yellow"
"STAU2","brown"
"IVNS1ABP","purple"
"ADD1","purple"
"VASP","pink"
"SATB1","red"
"TRAPPC2 ","blue"
"NT5C2","yellow"
"LRPAP1","green"
"RPAP3","brown"
"IQCG","turquoise"
"ZBTB1","blue"
"ARFGAP3","red"
"CIC","green"
"FBXO21","blue"
"CKS1B","pink"
"RPS17P5 ","yellow"
"DLGAP5","turquoise"
"AL928768.3 ","turquoise"
"PPIF","red"
"CEP63","yellow"
"WNT11","pink"
"UBQLN4","black"
"CD6","turquoise"
"CNNM3","blue"
"ABCG2","blue"
"HCG8 ","brown"
"CREB3L2","turquoise"
"DMWD","brown"
"IPCEF1","turquoise"
"HSPD1","red"
"MRPS2","red"
"GNPAT","brown"
"APOBEC3F ","turquoise"
"RBBP8","green"
"FST","red"
"ARL6IP1","yellow"
"FKBP15","turquoise"
"PPP1CB","yellow"
"ZCCHC6","turquoise"
"SYT2","red"
"CLCN7","yellow"
"MKNK2","pink"
"AMACR ","brown"
"NINJ2","grey"
"CGB1 ","green"
"MAN1C1","grey"
"EIF3H","blue"
"NFE2L1","blue"
"SLC35F2","green"
"BRD8","yellow"
"CD96","turquoise"
"WBP11","red"
"ROBO4","green"
"PNO1","red"
"E2F3","brown"
"B4GALT2","brown"
"TPCN1","blue"
"RBX1","brown"
"SLC12A9","green"
"DDHD2","blue"
"FAM208B","red"
"MLC1","green"
"ANKHD1 ","yellow"
"CENPBD1P1","brown"
"SLC30A5","green"
"VBP1","yellow"
"LRRN3","black"
"IDI1","red"
"PAPSS1","turquoise"
"MAGED1","magenta"
"STS","pink"
"CCT2","red"
"EXOSC8","yellow"
"RAB3IL1","brown"
"MKKS","brown"
"STX7","brown"
"AK125860 ","green"
"EPS15","brown"
"CCRL2","turquoise"
"FAM127A","purple"
"DEK","yellow"
"C1GALT1C1","brown"
"ZNF184","brown"
"MFSD5","black"
"OFD1","brown"
"UBL5","green"
"SEPT4","blue"
"WNT6","red"
"REV1","brown"
"LINC00260","black"
"HNRNPR","red"
"TRIM52","brown"
"ATP5D","purple"
"RAB8A","turquoise"
"GOLIM4","green"
"NDEL1","turquoise"
"FYCO1","blue"
"C8orf4","turquoise"
"LUM","yellow"
"UBA6","turquoise"
"LOC101929842 ","black"
"MRPL22","green"
"EBI3","green"
"GLUD2","turquoise"
"RTCA","brown"
"H2AFY2","turquoise"
"CLN3","red"
"P4HA1","turquoise"
"BAALC","brown"
"EPO","green"
"ATP7A","brown"
"ATP5E","turquoise"
"GNG12","turquoise"
"EDN1","grey"
"MOCS2","blue"
"INPPL1","green"
"NELFB","red"
"FASTKD5","turquoise"
"HOXB2","brown"
"PFDN2","red"
"KCTD5","turquoise"
"EIF3C ","turquoise"
"MTMR11","blue"
"PKP1","brown"
"SLCO3A1","red"
"RFX5","turquoise"
"NEK4","brown"
"NTHL1","red"
"DAPP1","black"
"PPAN ","brown"
"VIPR1","pink"
"DSTN","blue"
"TTC27","red"
"CASD1","yellow"
"EML4","turquoise"
"TGFB3","brown"
"NPEPPS","turquoise"
"PCF11","yellow"
"EHD3","turquoise"
"MIR6824 ","black"
"CNOT4","green"
"ZNF43 ","brown"
"ARMCX5","brown"
"UBAP2L","brown"
"CHFR","turquoise"
"LEFTY1 ","turquoise"
"ESYT1","red"
"AMIGO3 ","blue"
"TLR4","grey"
"TMEM50B","black"
"USP1","yellow"
"UBP1","yellow"
"PRPF39","yellow"
"RP2","yellow"
"ERP44","turquoise"
"C11orf73","yellow"
"DHRS7B","black"
"MAPKAPK2","blue"
"MR1","turquoise"
"EGFL7","green"
"SEPHS1","brown"
"TP53TG3 ","green"
"MTCH2","turquoise"
"AK2","green"
"MYCBP2","blue"
"POLR2A","green"
"ITFG1","brown"
"FAM53B","turquoise"
"GIN1","brown"
"SYF2","blue"
"PIK3R2","green"
"MCM3AP","turquoise"
"CNOT3","yellow"
"HSD17B8","turquoise"
"SCAMP5","turquoise"
"MIR6513 ","turquoise"
"PAXIP1","red"
"ANKRD28","blue"
"AMZ2","brown"
"MICALL2","yellow"
"TWSG1","black"
"ARID4B ","yellow"
"XRCC1","red"
"AKAP8L","green"
"POR","brown"
"ACAD8","brown"
"DES","pink"
"FAM111A","red"
"HTATIP2","red"
"BCL2L1","black"
"CLTB","brown"
"PPP2R5E","yellow"
"ARPC1B","turquoise"
"RP11-82L18.2","red"
"WDYHV1","green"
"TTC13","brown"
"EPB41L2","red"
"CNPY3","turquoise"
"DNAJC2","red"
"NXT2","green"
"SERTAD2","grey"
"DDAH2","purple"
"PITRM1","red"
"PEX11B","greenyellow"
"LRFN3","purple"
"COPZ2","purple"
"DDX24","turquoise"
"EFEMP1","pink"
"SLC6A6","blue"
"SNTB2","green"
"BCR","red"
"ZNF415","blue"
"MIR4691 ","turquoise"
"SLC17A7","turquoise"
"RPGR","yellow"
"SLC30A9","brown"
"CEP76","brown"
"PSMD12","red"
"DNTTIP2","red"
"ORC4","brown"
"RAB23","blue"
"KIAA0040","red"
"BRCC3","brown"
"SEC62","yellow"
"BBIP1","yellow"
"CEP350","brown"
"IQSEC1","magenta"
"WRB","blue"
"DPP8","brown"
"KDM4B","yellow"
"MAP2K6","pink"
"CHPT1","pink"
"RC3H2","black"
"SNAPC2","green"
"SNRPF","red"
"MED16","green"
"GNS","brown"
"SPRY4","grey"
"TNF","greenyellow"
"ARHGDIA","blue"
"ARL4A","blue"
"CAPN1","red"
"RARG","yellow"
"HOXA11","turquoise"
"S100P","blue"
"KIAA0125","turquoise"
"CD7","turquoise"
"PNRC1","brown"
"PRKD1","blue"
"CLASP2","brown"
"GAS6","red"
"IQCC","green"
"ARAP3","blue"
"ZBTB32","green"
"PPP3R1","black"
"C6orf120","yellow"
"ATP13A2","yellow"
"RNF13","turquoise"
"TMSB10","brown"
"TNIP2","turquoise"
"ANXA3","yellow"
"TP53I11","green"
"ORAI2","turquoise"
"TNKS","blue"
"MALL","blue"
"SEC23B","turquoise"
"HADH","pink"
"KLHL2","red"
"ATP10A","green"
"YAP1","blue"
"PARM1","turquoise"
"SLC5A6","red"
"ANKRD27","brown"
"PRMT3","red"
"RDX","blue"
"TTF1","turquoise"
"PAN2","black"
"ENPEP","blue"
"VWA8","blue"
"MVP","turquoise"
"HMMR","turquoise"
"ATP6V0A1","yellow"
"PMEPA1","blue"
"UBE2E1","grey"
"CASP10","turquoise"
"SOX15","green"
"ZNF83","yellow"
"TLN2","turquoise"
"OGG1","blue"
"HNRNPA3","red"
"PRPF3","greenyellow"
"SIT1","turquoise"
"FKTN","green"
"SENP3 ","blue"
"ETV5","red"
"RAN","red"
"SLC1A4","turquoise"
"TNFAIP1","magenta"
"NGRN","green"
"ADD3","blue"
"RIN2","blue"
"SOWAHC","green"
"RAB5C","yellow"
"SLC25A46","green"
"PNMT","brown"
"GK3P","blue"
"PCDHA10","green"
"HTATSF1","blue"
"AK6","red"
"ATAD2B","brown"
"DARS","black"
"TRIM37","green"
"GLRB","brown"
"POLA1","brown"
"PSD","green"
"CDK2AP1","turquoise"
"TM9SF2","turquoise"
"ATP5J","pink"
"MAST3","green"
"HSPA1L","green"
"MCTP2","purple"
"IMP4","red"
"RBM17","green"
"APOL3","turquoise"
"NCAPG","turquoise"
"RNF126","green"
"PLCL1","blue"
"GNL3L","turquoise"
"LSM2","grey"
"CALM1","green"
"TUBB4B","red"
"NPM3","red"
"FLT1","turquoise"
"CDK2AP2","grey"
"NCAPG2","turquoise"
"NCBP1","blue"
"HBS1L","turquoise"
"TNIK","green"
"GPX1","turquoise"
"CDC6","turquoise"
"CSNK1G1","green"
"IMPACT","blue"
"PPP1R12B","blue"
"DNPH1","turquoise"
"ATRN","green"
"OSTM1","yellow"
"C21orf91","turquoise"
"SPAST","brown"
"DBF4","yellow"
"PAICS","red"
"VRK2","turquoise"
"LAPTM5","turquoise"
"EFEMP2","red"
"CTBP2","blue"
"ERCC3","blue"
"UBE2N","blue"
"AOC1","turquoise"
"PON2","brown"
"COPG1","green"
"AGMAT","turquoise"
"HSPA12A","grey"
"DPM3","red"
"VPS54","yellow"
"FOXM1","turquoise"
"DONSON","brown"
"SLCO2B1","turquoise"
"CLIP2","red"
"SCN2B","green"
"GATAD1","purple"
"SLC41A3","purple"
"PHLDA1","brown"
"CACNA1A ","magenta"
"C11orf48 ","blue"
"CLIP4","green"
"ZDHHC24","yellow"
"ZNF211","brown"
"TRRAP","turquoise"
"CBR1","turquoise"
"LRPPRC","red"
"APOL2","turquoise"
"CNTRL","turquoise"
"DDX3X","turquoise"
"CENPE","turquoise"
"LRRFIP1","black"
"DPY19L1","brown"
"SH2B3","turquoise"
"PA2G4","brown"
"DNAJC9","brown"
"SYNGR3","turquoise"
"WFS1","blue"
"TRANK1","turquoise"
"SNRPA1","greenyellow"
"FBXL15","red"
"PRDM1","turquoise"
"ARHGEF1 ","green"
"RAB6B","grey"
"S1PR4","blue"
"TINAGL1","turquoise"
"TMEM59L","green"
"ADAT1","brown"
"ACAT1","blue"
"STT3A","black"
"PEX12","green"
"CST1","turquoise"
"CCNJ","purple"
"CENPB","grey"
"GINS1","turquoise"
"GNG7","turquoise"
"NAGLU","red"
"NAP1L1","turquoise"
"TGFBR2","blue"
"ITGB1","turquoise"
"PDS5A","yellow"
"RHOD","grey"
"MSH5 ","green"
"PRPH","red"
"KIAA0247","turquoise"
"CYP27A1","red"
"C6orf62","brown"
"OAS3","turquoise"
"MYO1C","purple"
"PBXIP1","red"
"UBAC1","brown"
"TMEM14A","brown"
"PCNX","blue"
"NDC1","green"
"WASF1","blue"
"HIVEP3","turquoise"
"IKBKB","brown"
"NPEPL1","green"
"KIAA0391 ","blue"
"PHACTR4","black"
"TMEM39A","green"
"MIR4680 ","blue"
"ACADVL","yellow"
"UBASH3A","turquoise"
"MDFIC","brown"
"PLA2G7","black"
"RP4-781L3.1","brown"
"ARHGEF40","green"
"CSE1L","red"
"AF090939","brown"
"MRPS12","red"
"GOLGA4","yellow"
"PCMT1","brown"
"IZUMO4","green"
"RPIA","red"
"RAB11FIP5","turquoise"
"GSTK1","turquoise"
"THOC6","blue"
"RCL1","red"
"RRAS","brown"
"GDF5","brown"
"TRIP6","red"
"UXS1","turquoise"
"LOC728392","brown"
"IRF9","turquoise"
"LAMC3","brown"
"PRPF18","green"
"PTP4A1","red"
"TPP2","purple"
"PDHX","yellow"
"HDHD3","green"
"GLUL","red"
"ACYP2 ","blue"
"HSP90B1","red"
"HDAC9","blue"
"LAT","turquoise"
"ZNF304","yellow"
"EMID1","yellow"
"GBAS","brown"
"EDEM1","turquoise"
"LTB4R","brown"
"EDA","brown"
"SARAF","brown"
"HMGN4","turquoise"
"PTPRO","turquoise"
"TRIP10","turquoise"
"SLC9A6","brown"
"RNF170","brown"
"RBM14","blue"
"CSGALNACT2","yellow"
"GP1BB ","green"
"ABCE1","red"
"MFSD12","turquoise"
"NPAT","brown"
"POLD2","brown"
"CDV3","red"
"FAM216A","red"
"ATP6V1D","turquoise"
"DLD","yellow"
"FAM214B","green"
"TAF9B","black"
"PDLIM1","grey"
"SYT11","brown"
"IPO7","red"
"MEGF8","green"
"NUP133","brown"
"LLGL1","grey"
"CAND1","brown"
"ACOT13","red"
"GATAD2A","brown"
"PYGL","yellow"
"FAM173A","turquoise"
"CYP1B1","brown"
"LPCAT3","brown"
"DVL1","turquoise"
"PBX2","grey"
"TCEB1","red"
"ATG7","turquoise"
"EXOC2","brown"
"PPP1CA","turquoise"
"HCRP1","black"
"KRBOX4","blue"
"MAN2B2","purple"
"TLE1","green"
"ATG4B","black"
"ZMYM6 ","brown"
"IL3RA","blue"
"C12orf4","turquoise"
"LEP","pink"
"PCNP","yellow"
"LINC00094","blue"
"ADCY6","turquoise"
"CENPM","turquoise"
"ULK1","black"
"IQCK","blue"
"MEF2A","blue"
"EML3","yellow"
"PDIA6","turquoise"
"COL9A3","green"
"BC069804 ","black"
"NPC2","turquoise"
"C19orf10","turquoise"
"ZNF26","green"
"SLC30A3","brown"
"CCNT1","brown"
"DTWD1","yellow"
"AOC2","yellow"
"ECHDC1","red"
"NADSYN1","green"
"LRBA","blue"
"SHMT2","turquoise"
"ASXL2","brown"
"TRPS1","yellow"
"TCN1","green"
"MTMR4","brown"
"RCN1","purple"
"NDUFS1","brown"
"PSMA5","turquoise"
"GBAP1","turquoise"
"MIF","blue"
"GGTLC2","brown"
"NIP7","red"
"LIME1","turquoise"
"HBP1","blue"
"MTA1","turquoise"
"SLC15A2","turquoise"
"PLS1","yellow"
"ICA1","grey"
"MYO18A ","red"
"ST6GALNAC4","brown"
"DIP2C","turquoise"
"UPF3B","yellow"
"ARAP1","yellow"
"IMPDH2","turquoise"
"LEPREL1","red"
"OPTN","brown"
"SSB","red"
"SDCBP","purple"
"INPP5F","brown"
"DNASE2","red"
"MICA ","red"
"CHST1","blue"
"BDKRB1","yellow"
"POLR3B","green"
"ERCC2","red"
"SMAP1","green"
"SHC2","green"
"VPS51","purple"
"TRA2A","black"
"CALHM2","purple"
"CBX3","yellow"
"MED4","yellow"
"NDUFA2","brown"
"ZNF34","blue"
"LOC100996747 ","grey"
"VAMP2","green"
"MLLT10","yellow"
"PCK2","red"
"FMR1","yellow"
"TUT1","green"
"NFKBIL1","green"
"PVRL2","yellow"
"AP2B1","turquoise"
"RSRC1","green"
"ADAMTSL2","green"
"ZNF467","grey"
"FUZ","green"
"STOM","turquoise"
"SUZ12","yellow"
"PICALM","green"
"MIR7114 ","brown"
"OTUD4","red"
"FAM131A","turquoise"
"TCFL5","blue"
"CTC-338M12.4","blue"
"OARD1","blue"
"ZNHIT3","black"
"XPA","brown"
"FRYL","brown"
"KIAA1462","blue"
"AHI1","turquoise"
"ASAP1","pink"
"CAPZA2","purple"
"RASGRP2","green"
"BCL2L2","turquoise"
"HSD17B7","black"
"PIP5K1C","yellow"
"HIVEP1","green"
"MEF2D","green"
"ACTN4","purple"
"ST14","green"
"WDR60","turquoise"
"MCCC1","blue"
"MARCH8","brown"
"RRAGD","purple"
"TSC1","black"
"H2BFS","green"
"FXYD5","red"
"MSH2","brown"
"ERLIN1","yellow"
"VEZF1","blue"
"SMS","grey"
"ITGA2B","green"
"EIF2B2","black"
"KDELR1","yellow"
"PCDH1","brown"
"MAFB","pink"
"PRDX6","pink"
"NCOA4","turquoise"
"GLB1L2","turquoise"
"KAZALD1","turquoise"
"DDX10","red"
"NUPL1","red"
"YIPF3","brown"
"VAC14","yellow"
"PARL","turquoise"
"LTN1","yellow"
"VPS28","red"
"DNAJC10","turquoise"
"ACTR2","turquoise"
"IL18R1","purple"
"CD59","grey"
"SNRPE","red"
"TRAPPC2L","black"
"RNF19B","turquoise"
"API5","yellow"
"TRIAP1","yellow"
"C14orf2","turquoise"
"BTBD2","purple"
"RPS27L","brown"
"SLC6A2","green"
"CRYM","turquoise"
"RBMS1","greenyellow"
"PAF1","purple"
"MAP3K2","black"
"ABHD3","turquoise"
"SH3D21","yellow"
"ISYNA1","blue"
"CSNK1E ","turquoise"
"PRDM8","green"
"CGGBP1","brown"
"FANCG","brown"
"TKT","brown"
"TM2D3","blue"
"TTC33","yellow"
"PKN1","red"
"FXR1","blue"
"PLCXD1","red"
"SH2B1","green"
"LRIG1","blue"
"TIMM22","green"
"ARL1","brown"
"ARPC5","turquoise"
"MEGF6","green"
"AMD1","red"
"LSM14A","blue"
"PPP3CC","brown"
"RAB13","red"
"ZFP64","brown"
"CDR2 ","green"
"MAF","brown"
"TOM1L2","brown"
"RWDD3","brown"
"ESF1","red"
"HDDC2","turquoise"
"DERL2","turquoise"
"HMG20A","brown"
"PTGER1","brown"
"ASAP3","turquoise"
"RALGAPB","brown"
"EPS8L2","purple"
"APPL2","red"
"SMYD3","magenta"
"EVI5","yellow"
"SRSF8","yellow"
"ARID5A","blue"
"NANS","blue"
"ARHGAP10","turquoise"
"MIEF1","green"
"MRPL16","brown"
"DNAJA2","red"
"CYP3A4","black"
"LRP8","grey"
"MEF2C","red"
"OTUD3","black"
"AK096803 ","green"
"CASKIN2","turquoise"
"PCDHB3","turquoise"
"SPAG9","red"
"GTPBP8","brown"
"ZNF747 ","green"
"ZFYVE26","brown"
"NEO1","purple"
"CHD1L","blue"
"SKIV2L2","red"
"TRDV3","turquoise"
"MRPL35","turquoise"
"TIMP2","green"
"DDB2","red"
"SNRPA","turquoise"
"RNF6","yellow"
"SCG5","turquoise"
"EIF4B","pink"
"TPP1","turquoise"
"METAP2","turquoise"
"ATF7IP","red"
"GNA11","turquoise"
"SH3GL3","green"
"NFE2L3","turquoise"
"NDST1","yellow"
"MFSD10","red"
"ALDH5A1","brown"
"DHTKD1","brown"
"VPS45","brown"
"LYRM9","purple"
"UNC119","green"
"HP","brown"
"RPS4XP2 ","blue"
"NLRP1","black"
"C7orf25 ","greenyellow"
"PRDX2","brown"
"TGFB2","turquoise"
"TBC1D8","turquoise"
"ACACA","turquoise"
"NFATC4","brown"
"PTPN11","yellow"
"WBP1L","blue"
"ANKS1A","brown"
"MISP","brown"
"ZBTB7C","brown"
"IL27RA","turquoise"
"ADRB2","blue"
"CAB39L","pink"
"CLSTN2","pink"
"TCEA2","blue"
"CDKN2B","green"
"MTAP","green"
"GLTSCR2 ","blue"
"ALDOC","turquoise"
"ALDH7A1","blue"
"HMGXB3","brown"
"RGN","blue"
"MAPKAP1","green"
"TNFSF15","turquoise"
"FAM182A ","green"
"DUSP9","green"
"PRCC","yellow"
"COQ2","turquoise"
"TMEM106C","brown"
"PPAT","red"
"LRRC8B","turquoise"
"MYL10","green"
"IQCE","brown"
"ANXA1","grey"
"LIN7C","yellow"
"NUDT11","grey"
"PSME4","turquoise"
"NGDN","red"
"LUC7L","black"
"CYAT1","turquoise"
"RIN3","turquoise"
"ARF4","green"
"HAMP","turquoise"
"CACNA1B","green"
"UPF2","yellow"
"IL2RA","turquoise"
"RGL1","brown"
"DENND4A","brown"
"OR2N1P ","red"
"RTEL1 ","green"
"DHX15","red"
"MDN1","red"
"MCM7","green"
"RAP1GAP2","magenta"
"APEH","turquoise"
"PURA","blue"
"IDH3A","red"
"CDK1","turquoise"
"APOBEC3F","yellow"
"RCBTB2","brown"
"ZDHHC4","brown"
"MBOAT2","turquoise"
"KIF21B","turquoise"
"PLAGL2","turquoise"
"QRSL1","turquoise"
"LOC102723479","turquoise"
"PIDD1","brown"
"NPHS2","green"
"CNTNAP1","red"
"PKNOX2","red"
"AKR1B1","turquoise"
"STX8","blue"
"ATP11B","yellow"
"ZNF587","red"
"PEBP1","purple"
"CRCP","brown"
"PHLDA3","pink"
"AK022030 ","yellow"
"CEP57","blue"
"OSBPL8","yellow"
"DDX11","black"
"PHACTR1","green"
"DUT","blue"
"PUS1","red"
"CCNH","yellow"
"ZNF573","blue"
"CNPPD1","red"
"ACAN","magenta"
"EMD","green"
"PIK3C2B","magenta"
"SETD2","blue"
"TRIM25","brown"
"PNKP","yellow"
"MECP2","turquoise"
"TSPAN12","blue"
"GRPEL1","red"
"GOLGA2","green"
"ZNF638","blue"
"PSEN2","red"
"BET1L","green"
"GLG1","red"
"SLC12A8","turquoise"
"MTF2","brown"
"MIR4784 ","brown"
"SETD8","green"
"EP300","yellow"
"XPO6","blue"
"TNFSF9","turquoise"
"KCNJ6","grey"
"CAP2","blue"
"ABHD10","brown"
"CEP170B","brown"
"SMURF2","yellow"
"TIPRL","green"
"SDR39U1","turquoise"
"TRIM13","yellow"
"BCAS2","yellow"
"PIGP","blue"
"OR7A5","green"
"PSMG1","red"
"CLINT1","green"
"UGT2B28","green"
"CBX1","brown"
"UCKL1","black"
"MTR","blue"
"SH3BGRL3","turquoise"
"SEC23IP","green"
"PODNL1","black"
"RPS6KB2","green"
"KRCC1","yellow"
"RBM25","yellow"
"EXOSC10","blue"
"EIF4E","red"
"HDAC5","purple"
"TMEM131","yellow"
"C10orf2","red"
"HSF4","green"
"DIMT1","red"
"CRY2","blue"
"HSPBAP1","brown"
"STC2","green"
"PRB3","grey"
"PTPN3","turquoise"
"LEPREL2","red"
"ATP6V0B","turquoise"
"NME4","red"
"TBKBP1","green"
"PICK1","green"
"PDAP1","turquoise"
"SRPR","turquoise"
"ARHGEF6","turquoise"
"HEATR3","turquoise"
"VPS4B","yellow"
"ATXN2L","green"
"SULT1A1","turquoise"
"ZNF430","brown"
"GTF2H3","black"
"REST","brown"
"METTL5","pink"
"DNAJB14","yellow"
"LOC100996724 ","turquoise"
"MARK1","turquoise"
"HGSNAT","red"
"NAT10","red"
"ABR","red"
"PPWD1","brown"
"AZGP1","pink"
"LOC102724364 ","yellow"
"CLIP3","red"
"GAPVD1","yellow"
"NUP155","brown"
"BMP5","pink"
"IKZF1","turquoise"
"DTL","turquoise"
"IFIT2","black"
"MARS ","blue"
"BEND5","purple"
"RBM5","black"
"PTCH1","blue"
"ASB8","black"
"CELF1","black"
"GMPR","black"
"KDM7A","brown"
"ECI1","pink"
"HOXB7","brown"
"GLA","blue"
"NGLY1","turquoise"
"HEXIM1","turquoise"
"HNRNPAB","red"
"PRSS53","green"
"SAFB2","black"
"MCTS1","turquoise"
"FNDC3A","yellow"
"RGL2","magenta"
"CPNE1","brown"
"DNAJB6","brown"
"RNF4","turquoise"
"RRP7A","red"
"SRPK2","green"
"ZNF227","brown"
"GNAI2","yellow"
"NDUFAF1","turquoise"
"ATG2B","brown"
"C2CD2","pink"
"AVEN","green"
"FASTKD1","turquoise"
"SRGAP2 ","green"
"JRKL","yellow"
"LA16c-381G6.1","green"
"CLMN","blue"
"ABHD17B","black"
"NPR1","turquoise"
"ZNF354A","green"
"KLF11","turquoise"
"HIST3H2A","turquoise"
"TPST1","turquoise"
"ATP6V0D1","turquoise"
"RPL35P8 ","green"
"NBPF1","magenta"
"PRDM2","purple"
"PLEKHF1","greenyellow"
"TMED5","red"
"PSMD10","brown"
"PDE10A","blue"
"PRKAG2","brown"
"POLR3K","black"
"CASP3","brown"
"LOC101060373 ","turquoise"
"MYH14","red"
"TIMM10B","red"
"MYL6B","red"
"SEC22A","brown"
"PLIN3","blue"
"AMPD2","blue"
"ABCA7","green"
"MAPK11","green"
"CASP7","yellow"
"WNT5B","magenta"
"AHCY","red"
"TNMD","pink"
"BHLHB9","blue"
"MIR6872 ","yellow"
"CHD7","red"
"CHUK","purple"
"RNF122","brown"
"SERP1","purple"
"PAOX","yellow"
"TSR2","green"
"LDHB","blue"
"CDKAL1","grey"
"GPX4","pink"
"IPO5","red"
"ZNF226","brown"
"MIR7110 ","magenta"
"ICMT","turquoise"
"PECR","green"
"LPPR2","brown"
"NOSIP","brown"
"ZKSCAN4","brown"
"UNC50","yellow"
"TEX10","red"
"NRIP3","blue"
"RXRA","green"
"DNM1L","turquoise"
"ATP5G3","turquoise"
"KIZ","blue"
"NISCH","black"
"PARVB","turquoise"
"MGA","yellow"
"ENOPH1","yellow"
"FAIM","blue"
"THYN1","blue"
"PTPN4","turquoise"
"VAMP4","yellow"
"FKBP3","brown"
"NOL12 ","pink"
"TAF11","yellow"
"CYP4B1","pink"
"ARMC6","green"
"MPRIP","purple"
"ENG","yellow"
"TRMT11","yellow"
"CD80","turquoise"
"SUN2","turquoise"
"KCTD20","brown"
"CNTFR","turquoise"
"USP25","blue"
"NUTF2 ","blue"
"PTTG1IP","magenta"
"EIF4A3","greenyellow"
"SWAP70","yellow"
"SORD","turquoise"
"CUX1","purple"
"TNK2","green"
"SLC25A36","blue"
"GS1-164F24.1","green"
"PRKCQ","turquoise"
"VDAC1","blue"
"SCARB1","red"
"KRR1","yellow"
"PNRC2","yellow"
"TLE3","brown"
"DDT ","brown"
"FRAT2","blue"
"LINC00339","green"
"MAPK1IP1L","red"
"HEXB","turquoise"
"ITPKC","turquoise"
"APOOL","green"
"YIPF1","turquoise"
"CEP135","turquoise"
"ACIN1","black"
"FIG4","turquoise"
"PPA2","brown"
"SAP30BP","red"
"PPM1B","yellow"
"GGA2","brown"
"CTC-428G20.3","brown"
"CHKB-CPT1B ","turquoise"
"BEST1","green"
"ACVR1","grey"
"SYNJ2BP ","blue"
"HECTD4","black"
"BLVRB","red"
"NCOR2","yellow"
"HNRNPL","brown"
"PCDHB11","yellow"
"MOCOS","magenta"
"SUCO","yellow"
"EFS","turquoise"
"DPM1","red"
"SMARCA5","brown"
"NAALADL1","purple"
"CXorf21","green"
"ZNF37BP","brown"
"FRG1 ","yellow"
"AHR","brown"
"CDC42SE1","blue"
"SLC16A4","brown"
"EIF4A2 ","yellow"
"CETP","turquoise"
"REXO2","pink"
"FAM160B2","black"
"RP4-595K12.1","yellow"
"CYC1","brown"
"UBXN1","purple"
"TMA7","yellow"
"RRN3 ","yellow"
"VPS8","brown"
"LSM6","red"
"CHST15","blue"
"ABCA1","grey"
"ERN2","black"
"UIMC1","greenyellow"
"USP22","red"
"MMP24-AS1","grey"
"PDK3","grey"
"FAM57A","red"
"GZMM","turquoise"
"LRP12","yellow"
"AK6 ","red"
"WDR13","turquoise"
"KIAA0930","turquoise"
"CBX5","red"
"PEMT","brown"
"EXT2","blue"
"SLC38A10","red"
"ZCCHC2","yellow"
"CATSPER2 ","black"
"DPF2","blue"
"RNASEH2A","turquoise"
"FGF18","turquoise"
"AGER","green"
"DENND1A","turquoise"
"KRT18","blue"
"SIRPA","turquoise"
"SAT1","brown"
"KLHL9","yellow"
"BRF1","green"
"PTGER3","pink"
"ZNF189","blue"
"CNOT7","turquoise"
"GCSH ","yellow"
"ZFAND5","pink"
"GIT1","green"
"SLC39A1","black"
"HSPB7","pink"
"SLC25A20","brown"
"AIMP2","red"
"ZNF106","magenta"
"DLG1","blue"
"SPOP","brown"
"COG7","yellow"
"SAFB","green"
"DNAJB6 ","turquoise"
"EIF4ENIF1","blue"
"ABHD4","turquoise"
"FURIN","brown"
"CRADD","red"
"IGFALS","green"
"AFTPH","turquoise"
"RAD50","brown"
"CREG1","grey"
"GTSE1","black"
"RNF39","green"
"FBN2","turquoise"
"ME3","black"
"OBFC1","brown"
"SUPT7L","brown"
"POP1","red"
"S100A10","pink"
"SH3GLB1","blue"
"TRAK2","blue"
"TUBGCP2","yellow"
"EMC3","yellow"
"ABCF2","red"
"ARFIP1","brown"
"TPO","yellow"
"SQSTM1","turquoise"
"SCN3A","brown"
"MARK3","black"
"CCDC28B","green"
"UNC119B","green"
"SRRD","red"
"RRBP1","yellow"
"SERPING1","pink"
"GOLGA2P7 ","green"
"MED23","brown"
"PBX3","red"
"AKT3","blue"
"STOML2","red"
"KIFAP3","brown"
"HIC2","green"
"COL6A3","pink"
"SLC12A7","turquoise"
"OPLAH","green"
"UBE2H","brown"
"MRPS17","purple"
"PDE4A","purple"
"CRYL1","blue"
"CCND2","grey"
"BIN3","brown"
"MPDU1","blue"
"NDUFB7","brown"
"GCLM","red"
"C11orf57","yellow"
"TLE4","brown"
"HOXC4","black"
"C6orf15","brown"
"MRPL17","blue"
"GOLPH3","green"
"SHANK2","turquoise"
"LOC101928061 ","turquoise"
"OVGP1","grey"
"NFKB1","blue"
"NUP205","red"
"TM7SF2","pink"
"ZNF207","red"
"PRKCZ","turquoise"
"CEP83","green"
"SLFN12","brown"
"SLC22A4","red"
"MRPS27","yellow"
"GTF3A","turquoise"
"PHKA1","turquoise"
"GOLGA5","brown"
"PSMC3","grey"
"LSM14B","green"
"COQ10B","red"
"HIST1H3E","green"
"COPS3","red"
"BACH1","yellow"
"TICAM1","brown"
"DUX1","green"
"CD3EAP","red"
"CSPP1","green"
"TMSB15A ","blue"
"USP5","green"
"BCL11A","turquoise"
"HIPK2","black"
"ZFAND6","yellow"
"CCS","red"
"ARHGAP24","blue"
"LAMB3","yellow"
"SMUG1","green"
"FBXW4P1","brown"
"CUL2","brown"
"KCNQ2","green"
"SPHK1","red"
"SSH1","yellow"
"PCBP4","red"
"DESI1","blue"
"ENC1","grey"
"SS18","green"
"CPEB1","turquoise"
"AP2M1","yellow"
"RAB11FIP3","brown"
"GCNT1","turquoise"
"AKIRIN1","blue"
"TMEM251","brown"
"OLFM1","blue"
"CMC2","blue"
"MAGT1","yellow"
"FCGRT","green"
"CCPG1","brown"
"HN1L","greenyellow"
"PTPRS","green"
"SLIRP","red"
"ZNF654","grey"
"SGCA","green"
"SEMA6C","green"
"DES ","green"
"UBE2V2","yellow"
"LYL1","turquoise"
"C11orf71","brown"
"SLC7A6","red"
"YKT6","blue"
"LRRC59","blue"
"TNPO2","turquoise"
"LLGL2","turquoise"
"HCFC1R1","red"
"P2RX5 ","brown"
"VCL","blue"
"NLGN3","yellow"
"FPR2","blue"
"FOCAD","brown"
"ETFA","yellow"
"CLDN7","green"
"XAF1","grey"
"ATP6AP2","yellow"
"TAF1","brown"
"NDUFB5","brown"
"NTNG1","green"
"NUP37","brown"
"SPATA7","blue"
"ZNF507","green"
"KCTD14 ","red"
"BMX","blue"
"NPFFR1","green"
"NOS3","red"
"C1orf115","blue"
"KLHL26","turquoise"
"TUBB4A","green"
"MIR636 ","blue"
"LIFR","yellow"
"PPP1CC","brown"
"GNL3 ","red"
"CD1E","green"
"IDS","yellow"
"FAM136A ","turquoise"
"SLC25A1","pink"
"PPIE","black"
"BHMT","green"
"BAI1","green"
"EWSR1","red"
"METTL1","red"
"YAF2","green"
"ZNF23","yellow"
"RDH11","yellow"
"ARNT","turquoise"
"RBM22","yellow"
"OR7E37P","turquoise"
"IFT74","blue"
"SARS","turquoise"
"ST8SIA1","turquoise"
"ASH1L","brown"
"PDS5B","blue"
"TMEM208","turquoise"
"APOBEC3B","turquoise"
"TALDO1","turquoise"
"AP3B1","turquoise"
"QTRT1","brown"
"HSP90B1 ","purple"
"LSM7","red"
"LOC155060","black"
"KDM2A","brown"
"FAM193B","black"
"KLHDC10","yellow"
"RASA3","brown"
"RTN3","grey"
"SCAF8","yellow"
"KDM4A","yellow"
"MED20","greenyellow"
"ADAMTSL4","black"
"FJX1","red"
"RQCD1","red"
"DNASE1L1","turquoise"
"RPL10A","yellow"
"WBP5","blue"
"DGKQ","green"
"PMM1","blue"
"ZBED8","blue"
"ADNP2","yellow"
"CMPK1","yellow"
"PRH1 ","green"
"CHMP1A","green"
"CDS2","brown"
"KIAA0226","brown"
"PLAA","green"
"FLT3LG","black"
"HECA","brown"
"IK","blue"
"SPIN2A ","blue"
"PRPF6","purple"
"BBS1","blue"
"ALG5","brown"
"PIBF1","green"
"ICT1","yellow"
"SETD1A","green"
"MXD3","green"
"GPR25","green"
"YME1L1","yellow"
"TSPYL5","blue"
"GSTZ1","green"
"RWDD2A","blue"
"ZNF146","red"
"RNASEL","brown"
"FKBP8","yellow"
